Employee_ID,Employee_Name,Age,Position,Gender,Department,Salary,Years_of_Service,Attrition,Hire_Date,Exit_Date,Performance_Rating,Work_Hours,Promotion,LastPromotion_Date,Training_Hours,Education_Level,Employee_Engagement_Score,Absenteeism,Distance_from_Work,JobSatisfaction_PeerRelationship,JobSatisfaction_WorkLifeBalance,JobSatisfaction_Compensation,JobSatisfaction_Management,JobSatisfaction_JobSecurity,EmployeeBenefit_HealthInsurance,EmployeeBenefit_PaidLeave,EmployeeBenefit_RetirementPlan,EmployeeBenefit_GymMembership,EmployeeBenefit_ChildCare
E00001,Aniket Sastry,40,CEO,Male,NULL,"? 1,00,00,000.00",10,No,19-07-2014,NULL,5,40,No,NULL,0,PhD,4,19,9,1,1,1,1,1,1,1,1,1,1
E00002,Tanya Dugar,40,Sales Representative,Male,Sales,"? 9,36,922.00",3,Yes,31-07-2017,07-09-2020,1,40,Yes,17-08-2019,9,Master's,2,5,5,1,0,0,0,1,1,0,1,1,1
E00003,Kabir Rajagopalan,33,HR Manager,Female,HR,"? 16,68,378.00",7,No,07-08-2017,NULL,5,40,Yes,10-07-2024,10,Master's,4,17,8,1,0,0,0,0,0,1,0,0,1
E00004,Vardaniya Sahota,39,Marketing Coordinator,Female,Marketing,"? 12,12,487.00",2,Yes,10-08-2017,22-10-2019,1,50,No,NULL,5,Bachelor's,2,17,43,1,0,0,0,1,0,0,0,0,1
E00005,Trisha Lata,38,Analyst,Male,IT,"? 8,05,472.00",7,No,21-08-2017,NULL,2,45,Yes,08-03-2025,8,Master's,3,6,7,1,1,1,0,1,1,1,1,1,1
E00006,Advika Sathe,33,Financial Analyst,Male,Finance,"? 7,34,729.00",6,Yes,30-08-2017,25-11-2023,1,45,Yes,05-04-2019,13,Bachelor's,1,17,33,0,0,0,0,1,0,1,0,1,1
E00007,Shanaya Johal,37,Marketing Coordinator,Male,Marketing,"? 13,99,723.00",7,No,06-09-2017,NULL,5,45,Yes,11-03-2025,49,Diploma,5,3,7,1,1,1,1,1,1,1,1,0,0
E00008,Kimaya Basak,32,Financial Analyst,Female,Finance,"? 6,65,956.00",7,No,15-09-2017,NULL,4,55,Yes,31-05-2025,42,Master's,4,6,11,1,1,1,1,1,1,0,0,0,0
E00009,Tarini Bumb,32,Finance Manager,Male,Finance,"? 8,60,147.00",7,No,20-09-2017,NULL,3,45,Yes,22-07-2024,40,Bachelor's,4,15,13,0,1,0,1,0,1,0,0,1,0
E00010,Divij Barad,34,Sales Manager,Male,Sales,"? 15,36,357.00",7,No,13-10-2017,NULL,3,40,No,NULL,10,PhD,3,20,7,1,1,1,1,1,0,1,1,1,1
E00011,Yuvraj Sampath,40,Data Engineer,Male,IT,"? 17,57,693.00",7,No,20-10-2017,NULL,2,55,Yes,10-11-2024,11,Bachelor's,3,19,9,0,1,1,0,1,1,1,0,0,1
E00012,Jhanvi Jha,33,Analytics Team Leader,Male,IT,"? 23,97,936.00",7,No,24-10-2017,NULL,4,40,No,NULL,13,Bachelor's,3,16,7,0,1,1,1,0,1,1,1,1,1
E00013,Samarth Kumer,34,Finance Manager,Male,Finance,"? 10,56,659.00",2,Yes,29-10-2017,23-01-2020,3,55,No,NULL,7,Bachelor's,1,11,25,1,0,0,0,1,0,0,1,1,1
E00014,Ryan Majumdar,34,Marketing Manager,Male,Marketing,"? 25,19,069.00",7,No,04-11-2017,NULL,5,45,No,NULL,32,PhD,4,1,6,0,1,0,0,0,1,0,0,0,0
E00015,Emir Sandhu,31,Marketing Coordinator,Male,Marketing,"? 14,91,719.00",7,No,20-11-2017,NULL,4,50,Yes,29-06-2024,13,PhD,4,9,5,0,1,0,0,1,0,1,0,0,1
E00016,Saanvi Dubey,33,Accountant,Female,Finance,"? 9,35,600.00",2,Yes,06-12-2017,30-11-2020,1,50,No,NULL,12,Master's,1,20,15,0,0,0,0,1,1,1,1,1,1
E00017,Lakshay Virk,33,Sales Manager,Male,Sales,"? 13,50,019.00",4,Yes,06-12-2017,17-04-2022,1,40,No,NULL,13,Master's,1,18,49,1,0,0,0,1,1,1,1,1,0
E00018,Zeeshan Datta,31,HR Manager,Female,HR,"? 17,08,495.00",1,Yes,25-12-2017,17-03-2019,2,45,No,NULL,12,Master's,2,1,50,0,0,0,0,1,0,0,1,0,1
E00019,Prerak Anne,40,HR Manager,Male,HR,"? 15,03,812.00",7,No,06-01-2018,NULL,3,50,Yes,27-08-2024,10,Bachelor's,5,19,10,0,1,0,0,0,1,1,0,0,0
E00020,Ishita Jain,38,Data Analyst,Female,IT,"? 8,91,058.00",7,No,27-01-2018,NULL,3,55,No,NULL,45,PhD,4,17,13,0,0,0,1,0,1,1,1,1,0
E00021,Renee Gour,40,Sales Manager,Female,Sales,"? 15,59,209.00",7,No,31-01-2018,NULL,4,55,No,NULL,31,Bachelor's,4,17,13,0,0,0,1,0,0,0,1,0,0
E00022,Amani Garde,37,Marketing Coordinator,Female,Marketing,"? 13,23,131.00",7,No,19-02-2018,NULL,2,50,Yes,07-08-2024,15,PhD,5,5,14,1,1,1,1,1,1,0,1,1,0
E00023,Dhanush Gala,36,Recruiter,Male,HR,"? 8,98,020.00",7,No,28-02-2018,NULL,4,40,Yes,06-01-2025,36,Diploma,4,3,12,1,0,0,0,1,1,0,0,0,0
E00024,Raghav Wali,36,HR Manager,Male,HR,"? 22,25,022.00",5,Yes,13-03-2018,12-03-2024,3,50,No,NULL,7,PhD,1,0,24,0,0,0,0,0,1,0,1,0,1
E00025,Zoya Batta,36,Sales Manager,Male,Sales,"? 17,97,697.00",4,Yes,13-03-2018,25-12-2022,2,50,No,NULL,11,Diploma,1,7,26,1,0,0,0,1,0,1,1,1,0
E00026,Armaan Srinivas,37,Marketing Associate,Male,Marketing,"? 13,67,464.00",7,No,18-03-2018,NULL,4,50,No,NULL,42,Master's,4,18,6,1,0,0,1,1,1,1,1,0,1
E00027,Ranbir Gola,33,Data Analyst,Male,IT,"? 10,50,782.00",4,Yes,10-04-2018,23-04-2022,3,45,No,NULL,7,PhD,1,18,33,1,0,0,0,1,0,0,1,1,0
E00028,Arhaan Sanghvi,39,Sales Manager,Female,Sales,"? 15,41,283.00",7,No,12-04-2018,NULL,4,55,No,NULL,28,Diploma,5,11,11,1,1,0,0,1,1,1,1,1,1
E00029,Vaibhav Khanna,40,Analyst,Male,IT,"? 10,95,873.00",1,Yes,18-04-2018,18-06-2019,2,40,No,NULL,6,Master's,2,19,22,0,0,0,0,0,0,0,1,0,0
E00030,Kanav Mander,32,Finance Manager,Male,Finance,"? 12,39,919.00",7,No,23-04-2018,NULL,2,45,Yes,25-11-2024,15,Master's,4,14,5,0,1,1,1,0,1,1,1,0,1
E00031,Tejas Master,39,Financial Analyst,Female,Finance,"? 6,78,489.00",7,No,28-04-2018,NULL,5,40,Yes,29-11-2024,13,Master's,4,15,5,0,1,1,1,1,0,0,0,0,1
E00032,Ritvik Keer,37,HR Manager,Male,HR,"? 23,77,848.00",2,Yes,30-04-2018,16-12-2020,1,45,No,NULL,8,Master's,1,10,45,0,0,0,0,1,0,0,1,0,1
E00033,Aayush Garde,31,Marketing Associate,Female,Marketing,"? 10,14,610.00",1,Yes,14-05-2018,12-04-2020,3,55,Yes,17-07-2019,5,Master's,2,15,46,0,0,0,0,1,1,0,0,1,1
E00034,Sara Mandal,40,Finance Manager,Female,Finance,"? 9,78,038.00",7,No,14-06-2018,NULL,3,45,Yes,08-12-2024,39,Bachelor's,3,0,15,1,1,1,1,1,0,1,0,0,0
E00035,Myra Magar,38,Finance Manager,Male,Finance,"? 10,78,785.00",7,No,22-06-2018,NULL,4,50,Yes,27-07-2024,42,Diploma,4,19,5,1,0,0,0,0,1,0,1,1,1
E00036,Kaira Lal,35,Analytics Team Leader,Female,IT,"? 26,77,714.00",7,No,29-06-2018,NULL,5,45,No,NULL,20,Diploma,5,0,10,0,1,1,1,1,1,1,1,1,1
E00037,Vihaan Walla,40,HR Coordinator,Female,HR,"? 11,90,818.00",2,Yes,19-07-2018,25-08-2020,3,40,No,NULL,11,Master's,2,1,45,0,0,0,0,0,1,1,1,1,1
E00038,Jhanvi Bedi,35,Director,Female,Finance,"? 17,18,723.00",6,No,26-07-2018,NULL,4,55,Yes,05-07-2024,46,Diploma,4,4,13,1,1,0,1,0,1,0,0,0,0
E00039,Uthkarsh Savant,36,HR Coordinator,Female,HR,"? 11,79,608.00",6,No,28-07-2018,NULL,4,50,No,NULL,28,PhD,3,10,6,1,1,1,1,1,0,1,0,1,1
E00040,Adah Chahal,38,Content Content Creator,Male,Marketing,"? 4,41,368.00",3,Yes,07-08-2018,13-01-2022,1,40,No,NULL,15,Diploma,2,11,23,1,0,0,0,1,1,1,1,1,1
E00041,Saksham Hegde,32,Marketing Associate,Female,Marketing,"? 10,89,069.00",5,Yes,22-08-2018,19-10-2023,1,50,No,NULL,15,PhD,1,10,42,0,0,0,0,0,0,1,1,1,1
E00042,Aayush Bhardwaj,32,Sales Representative,Male,Sales,"? 9,11,459.00",6,No,06-09-2018,NULL,3,50,Yes,12-04-2025,35,PhD,5,11,9,1,1,1,1,1,0,0,0,1,1
E00043,Arnav Bahri,33,HR Coordinator,Female,HR,"? 13,66,169.00",3,Yes,17-09-2018,28-07-2022,2,40,No,NULL,13,Diploma,2,7,48,0,0,0,0,0,1,0,0,0,0
E00044,Romil Majumdar,36,HR Coordinator,Male,HR,"? 14,58,947.00",1,Yes,26-09-2018,30-04-2020,1,40,Yes,12-01-2020,7,PhD,1,6,20,1,0,0,0,1,0,1,0,0,1
E00045,Zaina Magar,39,Operations Manager,Male,Operations,"? 8,85,443.00",2,Yes,27-09-2018,06-05-2021,3,50,No,NULL,5,Master's,1,10,50,1,0,0,0,0,1,0,0,0,0
E00046,Sara Sahni,32,Finance Manager,Female,Finance,"? 11,17,124.00",6,No,06-10-2018,NULL,5,55,No,NULL,35,PhD,4,13,13,1,0,1,1,0,0,1,1,1,0
E00047,Anika Baria,36,Financial Analyst,Female,Finance,"? 5,88,910.00",6,Yes,19-10-2018,08-12-2024,2,55,No,NULL,14,Bachelor's,1,3,44,1,0,0,0,1,0,0,0,1,0
E00048,Stuvan Subramanian,34,HR Manager,Female,HR,"? 15,21,881.00",6,No,25-10-2018,NULL,3,55,No,NULL,30,Master's,5,1,13,1,0,0,1,0,0,1,1,1,1
E00049,Divit Kale,40,Sales Representative,Male,Sales,"? 9,80,104.00",6,No,30-10-2018,NULL,4,45,No,NULL,46,PhD,4,15,15,1,1,1,1,1,0,0,0,0,1
E00050,Saira Khosla,32,Finance Manager,Female,Finance,"? 13,14,894.00",6,No,10-11-2018,NULL,4,45,Yes,10-01-2025,23,PhD,4,15,15,0,1,0,1,0,1,1,1,1,1
E00051,Hiran Tailor,33,Marketing Coordinator,Female,Marketing,"? 13,98,740.00",6,No,20-11-2018,NULL,2,45,No,NULL,8,Diploma,4,20,7,0,0,0,0,1,1,0,0,1,1
E00052,Nitara Bajaj,33,HR Manager,Male,HR,"? 15,67,187.00",5,Yes,21-11-2018,12-09-2024,2,50,No,NULL,5,PhD,2,9,33,1,0,0,0,1,1,0,1,0,0
E00053,Elakshi Buch,33,Marketing Coordinator,Male,Marketing,"? 13,17,261.00",6,No,24-11-2018,NULL,3,45,Yes,09-03-2025,7,Bachelor's,3,16,15,1,1,1,1,1,0,1,0,1,1
E00054,Mehul Ramaswamy,35,HR Manager,Male,HR,"? 23,75,935.00",2,Yes,27-11-2018,11-08-2021,1,50,No,NULL,11,Diploma,2,17,31,0,0,0,0,1,1,1,1,1,1
E00055,Trisha Venkataraman,35,Marketing Associate,Female,Marketing,"? 11,02,197.00",1,Yes,02-12-2018,15-12-2019,2,50,No,NULL,11,Bachelor's,1,11,31,0,0,0,0,0,0,1,1,0,1
E00056,Aarush Gole,40,Account Exec.,Female,Sales,"? 7,58,122.00",6,No,04-12-2018,NULL,5,40,Yes,16-12-2024,14,Bachelor's,5,2,10,1,0,1,1,1,1,0,1,1,1
E00057,Priyansh Sankaran,33,Sales Manager,Male,Sales,"? 13,07,800.00",6,No,04-01-2019,NULL,5,40,No,NULL,48,Diploma,3,20,11,1,1,1,1,1,1,0,0,1,0
E00058,Hansh Atwal,36,HR Coordinator,Female,HR,"? 13,04,913.00",6,No,06-01-2019,NULL,2,45,Yes,24-02-2025,24,Master's,5,15,14,0,1,1,0,1,1,0,1,0,0
E00059,Pranay Gera,33,Finance Manager,Male,Finance,"? 10,45,089.00",1,Yes,07-01-2019,19-10-2020,1,40,Yes,28-07-2020,7,Master's,2,11,43,1,0,0,0,0,0,0,0,1,0
E00060,Ahana Bath,31,Sales Manager,Female,Sales,"? 18,24,218.00",1,Yes,31-01-2019,21-07-2020,1,45,No,NULL,5,Master's,2,18,27,1,0,0,0,1,1,1,1,1,1
E00061,Tarini Krishnamurthy,38,Recruiter,Male,HR,"? 5,65,673.00",6,No,02-02-2019,NULL,4,55,Yes,03-03-2025,22,Master's,5,3,7,1,0,0,0,1,0,0,1,1,1
E00062,Yasmin Anne,31,Sales Manager,Female,Sales,"? 15,37,156.00",6,No,19-02-2019,NULL,3,55,Yes,19-11-2024,9,Diploma,5,20,13,1,0,0,0,0,0,0,1,0,0
E00063,Hrishita Chaudry,35,Sales Representative,Male,Sales,"? 5,93,727.00",1,Yes,08-03-2019,23-08-2020,2,45,Yes,27-05-2020,6,Bachelor's,1,18,31,0,0,0,0,1,1,1,0,1,1
E00064,Ahana Grewal,40,HR Manager,Female,HR,"? 15,73,068.00",4,Yes,10-03-2019,07-06-2023,2,55,No,NULL,5,PhD,1,13,30,0,0,0,0,0,1,1,1,0,1
E00065,Renee Virk,35,Operations Manager,Male,Operations,"? 13,46,743.00",6,No,01-04-2019,NULL,3,55,Yes,31-03-2025,26,Diploma,3,12,5,1,1,0,1,0,0,0,1,0,1
E00066,Romil Dey,38,Account Exec.,Female,Sales,"? 6,92,373.00",2,Yes,10-04-2019,26-12-2021,1,45,Yes,24-04-2021,12,PhD,1,2,42,1,0,0,0,1,1,1,1,0,1
E00067,Arhaan Iyer,39,Financial Analyst,Male,Finance,"? 7,23,896.00",5,Yes,12-04-2019,03-12-2024,3,50,No,NULL,10,PhD,2,4,26,0,0,0,0,1,0,0,0,1,0
E00068,Shanaya Viswanathan,33,SD 3,Male,IT,"? 30,37,527.00",6,No,29-04-2019,NULL,5,50,Yes,30-06-2024,48,PhD,4,13,12,1,0,1,0,0,1,1,0,0,0
E00069,Chirag Kala,34,Marketing Associate,Female,Marketing,"? 12,21,315.00",6,No,09-05-2019,NULL,3,55,No,NULL,33,PhD,5,4,15,0,0,1,1,0,0,0,0,0,1
E00070,Rati Thakkar,35,Marketing Coordinator,Female,Marketing,"? 11,53,649.00",6,No,11-05-2019,NULL,4,55,Yes,03-12-2024,26,Master's,4,0,15,0,1,1,1,1,1,1,1,1,1
E00071,Kartik Chanda,33,Senior Analyst,Female,IT,"? 15,29,395.00",6,Yes,17-05-2019,06-06-2025,2,50,Yes,16-01-2021,8,Bachelor's,1,16,47,0,0,0,0,1,1,1,1,1,1
E00072,Vaibhav Manne,37,Recruiter,Female,HR,"? 5,28,160.00",6,No,18-06-2019,NULL,2,50,No,NULL,29,Diploma,3,5,9,0,1,0,1,1,0,0,1,0,0
E00073,Samiha Yohannan,35,Sales Representative,Female,Sales,"? 9,09,122.00",6,No,20-06-2019,NULL,5,50,No,NULL,35,Bachelor's,4,16,14,0,1,1,1,0,0,0,1,1,0
E00074,Amani Banerjee,40,Analyst,Male,IT,"? 8,01,663.00",5,Yes,03-07-2019,21-05-2025,3,50,Yes,23-09-2021,7,Master's,1,15,10,0,0,0,0,0,0,0,0,1,0
E00075,Stuvan Khosla,32,HR Manager,Female,HR,"? 15,69,227.00",2,Yes,05-07-2019,25-09-2021,2,55,No,NULL,5,Diploma,2,7,44,0,0,0,0,0,1,0,0,0,1
E00076,Sara Sankar,31,Account Executive,Male,Sales,"? 9,04,508.00",5,No,14-07-2019,NULL,4,50,Yes,30-05-2025,25,PhD,5,1,8,1,1,1,1,1,1,1,0,0,1
E00077,Vivaan Sen,37,HR Coordinator,Male,HR,"? 13,94,924.00",2,Yes,27-07-2019,14-01-2022,2,45,No,NULL,15,Diploma,2,7,41,1,0,0,0,1,1,1,1,1,1
E00078,Darshit Tara,35,Marketing Coordinator,Female,Marketing,"? 12,83,904.00",4,Yes,31-07-2019,19-08-2023,3,40,Yes,08-05-2021,10,Bachelor's,1,11,36,1,0,0,0,1,1,0,0,0,1
E00079,Anay Thaker,35,Finance Manager,Female,Finance,"? 12,69,664.00",5,No,02-08-2019,NULL,5,45,Yes,05-08-2024,32,Master's,5,11,7,1,0,0,0,0,0,1,0,1,1
E00080,Shaan Sarma,33,Sales Representative,Female,Sales,"? 9,37,695.00",3,Yes,03-08-2019,15-11-2022,3,50,No,NULL,13,Master's,1,7,41,1,0,0,0,1,1,0,1,0,1
E00081,Drishya Ramakrishnan,32,Analytics Team Leader,Female,IT,"? 22,58,481.00",5,No,05-10-2019,NULL,3,40,No,NULL,8,PhD,4,9,12,1,1,1,1,1,0,1,0,1,0
E00082,Taimur Saraf,40,Account Executive,Male,Sales,"? 7,05,604.00",2,Yes,14-10-2019,17-06-2022,3,55,Yes,21-12-2021,12,Bachelor's,1,11,31,1,0,0,0,1,0,0,0,1,0
E00083,Ehsaan Kala,35,Senior Analyst,Male,IT,"? 16,79,754.00",5,No,12-11-2019,NULL,3,55,Yes,18-09-2024,42,Bachelor's,3,13,13,0,0,1,0,0,1,1,1,1,1
E00084,Ehsaan Raju,32,Accountant,Female,Finance,"? 9,19,988.00",5,No,19-11-2019,NULL,4,45,No,NULL,15,Master's,3,10,14,0,0,0,1,0,0,1,1,1,1
E00085,Ishaan Gill,36,Recruiter,Male,HR,"? 7,24,325.00",5,No,21-11-2019,NULL,2,55,No,NULL,26,Bachelor's,3,19,14,1,1,1,1,1,1,1,1,0,0
E00086,Rasha Dugal,38,Marketing Coordinator,Female,Marketing,"? 13,15,996.00",2,Yes,21-11-2019,07-01-2022,2,45,No,NULL,13,PhD,2,15,36,1,0,0,0,1,0,0,0,0,1
E00087,Faiyaz Wadhwa,33,Finance Manager,Female,Finance,"? 13,58,519.00",5,No,23-11-2019,NULL,5,50,Yes,15-04-2025,37,Diploma,4,0,10,0,1,0,0,0,0,1,1,1,0
E00088,Raunak Lad,36,Financial Analyst,Female,Finance,"? 6,45,368.00",5,Yes,07-12-2019,06-06-2025,2,40,No,NULL,5,PhD,1,1,14,0,0,0,0,0,0,1,0,0,1
E00089,Charvi Krish,33,Accountant,Male,Finance,"? 9,34,516.00",5,Yes,08-12-2019,06-06-2025,1,45,Yes,15-02-2021,8,Master's,1,0,49,0,0,0,0,0,1,1,1,1,1
E00090,Saira Khatri,37,Marketing Coordinator,Female,Marketing,"? 14,06,220.00",3,Yes,17-12-2019,26-02-2023,3,50,No,NULL,10,PhD,1,4,39,1,0,0,0,1,1,0,1,1,1
E00091,Vihaan Bath,31,Logistics Coordinator,Male,Operations,"? 6,59,608.00",5,No,20-12-2019,NULL,2,50,Yes,07-05-2025,30,Bachelor's,5,19,10,0,0,1,0,0,0,0,0,1,0
E00092,Yuvraj Batra,34,Sales Representative,Male,Sales,"? 6,13,697.00",1,Yes,30-12-2019,09-11-2021,2,40,No,NULL,7,Diploma,2,16,28,0,0,0,0,0,0,0,1,0,1
E00093,Rasha Ganesh,34,Sales Representative,Female,Sales,"? 6,29,799.00",3,Yes,09-02-2020,23-03-2023,2,50,No,NULL,13,Diploma,2,12,13,1,0,0,0,0,1,1,0,1,0
E00094,Shalv Vaidya,33,Sales Representative,Male,Sales,"? 8,62,816.00",3,Yes,25-02-2020,21-03-2023,3,40,No,NULL,9,Diploma,1,20,34,0,0,0,0,1,0,1,0,0,0
E00095,Bhamini Goel,34,Recruiter,Female,HR,"? 7,46,934.00",5,No,28-02-2020,NULL,3,45,Yes,06-01-2025,22,PhD,4,18,13,1,1,1,0,0,0,0,0,1,0
E00096,Arnav Deshmukh,31,Finance Manager,Female,Finance,"? 13,74,204.00",5,No,24-03-2020,NULL,3,50,No,NULL,22,Diploma,3,0,14,1,0,0,1,1,1,0,0,1,1
E00097,Ojas Behl,34,Content Content Creator,Male,Marketing,"? 3,82,052.00",5,No,03-04-2020,NULL,2,55,Yes,04-08-2024,5,Master's,3,18,14,1,1,0,1,1,0,1,0,1,0
E00098,Shray Dara,35,Sales Manager,Male,Sales,"? 18,57,845.00",1,Yes,10-04-2020,06-04-2022,1,40,No,NULL,11,Diploma,1,14,23,1,0,0,0,1,1,1,1,1,1
E00099,Ela Vasa,32,SD 3,Female,IT,"? 34,52,993.00",2,Yes,15-04-2020,10-02-2023,3,40,Yes,30-11-2022,15,Bachelor's,2,19,27,0,0,0,0,1,1,1,1,1,1
E00100,Biju Hans,40,HR Manager,Male,HR,"? 24,07,719.00",2,Yes,16-04-2020,08-02-2023,1,50,No,NULL,9,Bachelor's,1,10,36,1,0,0,0,0,1,1,0,0,1
E00101,Kaira Ravel,34,Marketing Coordinator,Male,Marketing,"? 12,17,884.00",5,No,15-05-2020,NULL,4,45,Yes,24-09-2024,6,Bachelor's,4,10,10,1,1,0,1,1,1,0,1,1,1
E00102,Miraya Som,39,Finance Manager,Male,Finance,"? 12,37,317.00",2,Yes,18-05-2020,23-03-2023,3,45,No,NULL,5,Diploma,1,8,30,1,0,0,0,0,0,1,0,0,0
E00103,Prerak Tella,40,Marketing Associate,Male,Marketing,"? 14,69,923.00",1,Yes,23-05-2020,26-11-2021,3,50,No,NULL,5,PhD,1,5,21,1,0,0,0,1,1,1,1,1,1
E00104,Saksham Seshadri,40,Senior Analyst,Female,IT,"? 14,14,883.00",5,No,13-06-2020,NULL,2,50,Yes,28-10-2024,20,Bachelor's,3,19,5,1,0,1,1,1,1,0,0,1,1
E00105,Ira Gara,32,HR Manager,Male,HR,"? 16,03,222.00",5,No,14-06-2020,NULL,4,50,Yes,19-02-2025,7,Diploma,5,5,5,1,1,1,1,1,0,0,0,0,1
E00106,Ranbir Varghese,40,Senior Analyst,Female,IT,"? 16,29,696.00",1,Yes,23-06-2020,03-09-2021,2,50,Yes,26-07-2021,11,Master's,1,15,39,0,0,0,0,0,0,1,1,0,0
E00107,Jiya Bains,34,Sales Manager,Male,Sales,"? 11,74,249.00",5,No,27-06-2020,NULL,5,45,No,NULL,7,Bachelor's,4,16,13,0,0,0,0,1,0,0,0,0,1
E00108,Divyansh Srinivas,35,Marketing Coordinator,Female,Marketing,"? 12,97,106.00",2,Yes,30-06-2020,09-02-2023,3,50,No,NULL,11,Bachelor's,2,1,26,0,0,0,0,0,0,0,1,1,1
E00109,Samarth Kari,31,Senior Analyst,Male,IT,"? 19,45,074.00",5,No,03-07-2020,NULL,2,55,Yes,14-12-2024,48,Master's,3,3,8,1,0,0,0,0,0,1,1,1,1
E00110,Kaira Kakar,35,Financial Analyst,Female,Finance,"? 6,32,153.00",1,Yes,07-07-2020,19-07-2021,3,55,No,NULL,8,PhD,2,12,48,1,0,0,0,1,0,1,0,1,0
E00111,Heer Venkataraman,39,Finance Manager,Male,Finance,"? 11,30,202.00",4,No,13-07-2020,NULL,2,55,Yes,29-05-2025,38,Diploma,3,2,6,1,1,0,1,1,1,1,1,1,1
E00112,Shlok Chandran,40,Finance Manager,Female,Finance,"? 10,80,007.00",4,No,04-08-2020,NULL,5,45,Yes,05-04-2025,15,Master's,3,10,8,0,0,0,1,0,0,1,1,1,1
E00113,Armaan Dora,39,Logistics Coordinator,Male,Operations,"? 5,84,909.00",2,Yes,14-08-2020,09-08-2023,1,55,Yes,08-11-2022,14,Diploma,1,15,36,0,0,0,0,1,0,0,1,1,1
E00114,Lakshay Chander,37,SD 1,Male,IT,"? 16,72,423.00",2,Yes,18-08-2020,20-12-2022,3,55,No,NULL,11,PhD,2,0,42,0,0,0,0,0,1,1,1,1,1
E00115,Miraya Bedi,37,Recruiter,Female,HR,"? 6,88,835.00",2,Yes,22-08-2020,05-01-2023,2,55,Yes,09-01-2022,9,PhD,1,8,29,1,0,0,0,0,1,1,1,1,1
E00116,Indrajit Bahl,37,COO,Male,NULL,"? 75,00,000.00",4,No,31-08-2020,NULL,5,55,No,NULL,14,Bachelor's,4,0,15,1,0,1,1,1,0,1,1,1,1
E00117,Riaan Loyal,36,Account Executive,Male,Sales,"? 6,98,654.00",3,Yes,04-09-2020,18-02-2024,3,55,Yes,26-01-2022,5,Master's,2,17,46,1,0,0,0,0,1,0,1,1,0
E00118,Riaan Grewal,37,Data Analyst,Male,IT,"? 11,49,244.00",4,No,15-09-2020,NULL,4,50,Yes,03-07-2024,47,Bachelor's,5,16,14,1,1,1,1,0,0,1,1,0,1
E00119,Armaan Ramesh,38,Recruiter,Female,HR,"? 5,86,292.00",1,Yes,26-09-2020,15-02-2022,3,50,Yes,11-11-2021,7,Bachelor's,2,20,25,1,0,0,0,0,1,1,1,1,1
E00120,Ranbir Thakur,40,Sales Representative,Female,Sales,"? 9,53,067.00",4,No,05-10-2020,NULL,3,50,Yes,23-05-2025,41,Master's,5,13,5,1,1,0,1,1,1,1,1,0,1
E00121,Arnav Baria,38,SD 2,Female,IT,"? 27,22,639.00",1,Yes,07-10-2020,18-02-2022,2,40,Yes,14-10-2021,14,Diploma,1,12,50,1,0,0,0,1,1,0,0,0,0
E00122,Veer Chad,35,Sales Manager,Male,Sales,"? 16,14,721.00",4,No,16-10-2020,NULL,4,50,No,NULL,27,PhD,4,8,13,0,1,1,1,1,1,1,1,1,1
E00123,Fateh Kapoor,36,Accountant,Male,Finance,"? 8,58,644.00",2,Yes,18-10-2020,08-11-2022,1,55,No,NULL,15,Master's,1,8,28,0,0,0,0,1,0,1,0,0,1
E00124,Tejas Kumer,31,Head Data Analytics,Female,IT,"? 40,05,606.00",4,No,20-10-2020,NULL,5,50,Yes,02-06-2025,30,Diploma,3,6,5,1,1,1,1,1,0,1,0,0,0
E00125,Ojas Garde,40,Account Executive,Male,Sales,"? 11,83,498.00",3,Yes,21-11-2020,28-01-2024,1,45,Yes,04-08-2022,9,Master's,1,9,37,0,0,0,0,1,1,1,1,1,1
E00126,Indranil Dora,40,Account Executive,Male,Sales,"? 9,11,306.00",4,No,01-12-2020,NULL,5,40,Yes,13-09-2024,18,Bachelor's,4,17,7,1,0,0,0,0,0,1,1,0,0
E00127,Divij Sane,35,SD 1,Female,IT,"? 16,09,486.00",1,Yes,17-12-2020,06-02-2022,3,40,No,NULL,14,Bachelor's,1,0,8,1,0,0,0,0,0,1,1,0,0
E00128,Heer Chakraborty,40,Sales Manager,Female,Sales,"? 16,07,619.00",2,Yes,25-12-2020,07-07-2023,2,40,Yes,03-09-2022,14,PhD,1,1,32,1,0,0,0,1,1,1,1,0,0
E00129,Madhav Ganguly,36,Sales Representative,Male,Sales,"? 8,01,000.00",1,Yes,29-12-2020,17-10-2022,2,40,No,NULL,6,Diploma,1,15,41,0,0,0,0,0,1,1,1,1,1
E00130,Navya Lalla,36,Account Executive,Male,Sales,"? 9,19,021.00",1,Yes,22-01-2021,13-08-2022,2,45,Yes,11-02-2022,7,Bachelor's,1,10,31,1,0,0,0,1,1,1,0,1,1
E00131,Nitya Kohli,35,Marketing Coordinator,Male,Marketing,"? 12,36,236.00",2,Yes,01-02-2021,14-01-2024,1,50,No,NULL,6,Diploma,1,17,49,1,0,0,0,1,0,0,1,1,1
E00132,Himmat Walla,31,Accountant,Male,Finance,"? 9,51,938.00",3,Yes,14-02-2021,10-08-2024,3,40,No,NULL,10,Diploma,1,17,19,0,0,0,0,1,1,0,0,0,0
E00133,Adira Dugar,40,Financial Analyst,Male,Finance,"? 6,68,715.00",4,No,22-02-2021,NULL,4,40,No,NULL,6,Bachelor's,5,1,10,0,1,1,0,1,0,1,1,1,0
E00134,Kavya Bhakta,31,Sales Representative,Male,Sales,"? 8,47,469.00",1,Yes,07-03-2021,06-12-2022,3,50,Yes,23-07-2022,12,PhD,1,13,33,0,0,0,0,0,1,0,0,1,0
E00135,Miraan Sha,32,Sales Manager,Female,Sales,"? 12,12,221.00",4,No,10-04-2021,NULL,3,55,Yes,30-09-2024,34,Bachelor's,3,15,6,1,1,0,0,1,1,1,1,1,1
E00136,Kiara Kakar,32,Financial Analyst,Male,Finance,"? 6,88,655.00",4,No,05-05-2021,NULL,3,45,Yes,25-05-2025,42,Diploma,5,4,7,1,0,0,0,1,1,1,1,1,1
E00137,Darshit Loyal,39,Sales Representative,Female,Sales,"? 6,61,492.00",4,No,15-05-2021,NULL,3,50,No,NULL,9,Diploma,4,8,14,0,1,1,1,0,1,0,0,1,0
E00138,Vidur Sethi,36,Recruiter,Male,HR,"? 9,95,483.00",4,No,18-05-2021,NULL,2,45,No,NULL,20,PhD,4,6,5,0,1,0,0,0,1,1,0,1,0
E00139,Kabir Karan,31,Marketing Manager,Female,Marketing,"? 29,46,749.00",3,Yes,22-05-2021,04-09-2024,1,55,No,NULL,10,Master's,2,10,45,1,0,0,0,1,0,0,1,0,0
E00140,Priyansh Guha,34,Sales Manager,Male,Sales,"? 17,60,270.00",3,Yes,13-06-2021,12-03-2025,2,40,No,NULL,13,Master's,1,17,5,1,0,0,0,0,1,1,1,1,1
E00141,Ojas Samra,39,HR Manager,Male,HR,"? 23,25,063.00",3,Yes,04-07-2021,09-07-2024,3,55,No,NULL,5,PhD,1,20,33,1,0,0,0,0,1,1,1,1,1
E00142,Manikya Batra,30,Finance Manager,Female,Finance,"? 9,04,055.00",2,Yes,10-07-2021,05-09-2023,3,45,No,NULL,6,Bachelor's,1,0,38,0,0,0,0,1,1,1,1,1,1
E00143,Ranbir Raval,28,SD 1,Female,IT,"? 20,31,888.00",3,Yes,11-07-2021,14-03-2025,3,55,Yes,27-01-2023,5,Bachelor's,2,20,5,0,0,0,0,1,0,0,1,1,0
E00144,Badal Bhat,32,HR Coordinator,Male,HR,"? 11,74,750.00",3,No,12-07-2021,NULL,5,55,Yes,11-12-2024,30,Master's,5,16,10,0,1,1,0,1,1,1,1,1,0
E00145,Elakshi Tak,31,Marketing Associate,Female,Marketing,"? 13,69,421.00",3,No,15-07-2021,NULL,2,50,No,NULL,49,Diploma,4,20,5,1,1,1,0,1,1,0,1,0,0
E00146,Shayak Sridhar,25,Data Analyst,Male,IT,"? 11,58,875.00",3,Yes,16-07-2021,07-01-2025,1,45,Yes,18-08-2023,6,Diploma,1,15,27,0,0,0,0,1,1,1,1,1,1
E00147,Miraan Shroff,26,Account Executive,Female,Sales,"? 11,12,746.00",1,Yes,16-07-2021,28-05-2023,1,40,Yes,27-11-2022,11,Bachelor's,2,17,41,1,0,0,0,0,1,1,1,1,1
E00148,Rhea Borde,32,Recruiter,Male,HR,"? 7,62,032.00",3,Yes,16-07-2021,02-01-2025,2,55,No,NULL,14,PhD,1,11,27,1,0,0,0,0,0,0,1,1,0
E00149,Nirvi Dass,26,Content Content Creator,Female,Marketing,"? 4,60,526.00",3,No,22-07-2021,NULL,5,50,No,NULL,26,Diploma,3,17,11,1,0,0,1,1,0,0,0,1,0
E00150,Hunar Manda,30,Account Executive,Male,Sales,"? 7,56,881.00",3,No,22-07-2021,NULL,4,55,Yes,09-08-2024,20,PhD,5,8,5,1,1,0,1,0,1,0,1,1,1
E00151,Anika Banerjee,27,Analytics Team Leader,Female,IT,"? 21,05,209.00",3,No,31-07-2021,NULL,2,40,No,NULL,11,PhD,3,16,8,0,0,1,0,1,1,1,0,1,1
E00152,Kavya Devan,26,Senior Analyst,Female,IT,"? 16,97,719.00",1,Yes,31-07-2021,31-01-2023,1,40,No,NULL,6,Master's,2,7,26,1,0,0,0,1,0,1,0,1,0
E00153,Indrans Chakrabarti,26,Accountant,Male,Finance,"? 8,85,827.00",3,No,31-07-2021,NULL,2,50,No,NULL,13,Master's,3,13,5,0,0,0,1,1,1,1,0,1,1
E00154,Shayak Krish,39,HR Manager,Male,HR,"? 21,67,236.00",3,No,01-08-2021,NULL,5,45,No,NULL,6,PhD,5,4,14,1,1,1,1,1,1,0,0,1,0
E00155,Taran Ganesh,35,Data Analyst,Male,IT,"? 8,19,627.00",3,Yes,10-08-2021,06-06-2025,2,55,No,NULL,7,PhD,2,2,18,1,0,0,0,0,1,1,1,0,0
E00156,Ivana Sant,37,Senior Analyst,Male,IT,"? 18,43,946.00",3,No,13-08-2021,NULL,2,40,Yes,13-10-2024,30,Diploma,5,0,15,0,1,0,0,1,0,1,1,1,1
E00157,Jivika Thakkar,40,Financial Analyst,Female,Finance,"? 7,79,004.00",1,Yes,25-08-2021,05-12-2022,2,40,Yes,25-08-2022,8,Diploma,2,10,12,0,0,0,0,0,1,1,1,1,0
E00158,Sahil Kuruvilla,30,Accountant,Male,Finance,"? 9,86,295.00",1,Yes,29-08-2021,24-09-2022,2,55,No,NULL,12,PhD,1,10,26,1,0,0,0,1,0,0,0,1,0
E00159,Shamik Shankar,30,Marketing Coordinator,Male,Marketing,"? 11,24,091.00",2,Yes,04-09-2021,23-08-2024,1,55,No,NULL,7,Bachelor's,2,9,46,1,0,0,0,1,1,1,1,1,1
E00160,Ivan Rattan,25,Accountant,Female,Finance,"? 9,64,337.00",3,No,05-09-2021,NULL,5,55,No,NULL,16,Bachelor's,3,17,5,1,1,1,0,0,1,1,0,1,0
E00161,Vanya Kala,29,HR Manager,Male,HR,"? 26,02,458.00",3,Yes,05-09-2021,12-12-2024,1,45,No,NULL,12,Diploma,1,19,13,0,0,0,0,1,0,0,0,1,0
E00162,Piya Singh,40,Sales Representative,Male,Sales,"? 6,68,528.00",3,No,06-09-2021,NULL,3,45,Yes,03-05-2025,38,Bachelor's,5,17,15,0,1,1,1,1,0,1,1,1,0
E00163,Divyansh Keer,28,Financial Analyst,Male,Finance,"? 7,93,565.00",3,No,12-09-2021,NULL,5,40,Yes,11-01-2025,43,PhD,3,17,15,0,1,0,1,0,1,0,0,1,0
E00164,Arnav Dayal,30,Director,Male,HR,"? 50,00,000.00",3,No,15-09-2021,NULL,2,50,Yes,15-04-2025,11,Diploma,4,0,9,0,0,1,0,0,1,0,1,1,1
E00165,Alia Kalla,30,Marketing Coordinator,Male,Marketing,"? 11,90,422.00",1,Yes,15-09-2021,24-10-2022,3,40,Yes,24-09-2022,14,Diploma,1,9,11,0,0,0,0,0,1,1,0,1,1
E00166,Yashvi Chada,30,Sales Manager,Male,Sales,"? 13,03,089.00",3,No,16-09-2021,NULL,2,55,No,NULL,30,Bachelor's,3,11,9,1,1,0,0,1,0,0,0,0,1
E00167,Chirag Chowdhury,27,Logistics Coordinator,Female,Operations,"? 6,70,703.00",3,No,16-09-2021,NULL,5,55,Yes,05-05-2025,44,PhD,5,2,10,0,0,0,1,0,1,1,1,0,1
E00168,Devansh Sule,28,Analyst,Female,IT,"? 8,59,619.00",3,No,19-09-2021,NULL,4,40,No,NULL,13,Diploma,3,11,10,0,0,1,0,1,0,0,1,0,1
E00169,Ivana Sarma,36,Financial Analyst,Male,Finance,"? 7,40,268.00",3,No,23-09-2021,NULL,5,45,No,NULL,47,Bachelor's,4,4,9,0,0,1,1,1,1,1,1,1,1
E00170,Ishita Khare,32,Logistics Coordinator,Male,Operations,"? 9,58,300.00",1,Yes,25-09-2021,28-06-2023,3,50,No,NULL,8,Bachelor's,2,6,28,1,0,0,0,1,1,1,1,0,1
E00171,Kismat Anne,30,Recruiter,Male,HR,"? 8,03,236.00",3,No,11-10-2021,NULL,2,45,No,NULL,10,Diploma,3,20,8,1,0,0,1,0,1,1,1,0,0
E00172,Ahana Doctor,40,HR Coordinator,Male,HR,"? 14,25,046.00",1,Yes,17-10-2021,05-07-2023,2,45,Yes,26-03-2023,9,Master's,1,13,30,0,0,0,0,1,1,1,0,1,0
E00173,Jayan Garde,26,Data Analyst,Female,IT,"? 10,52,477.00",3,No,20-10-2021,NULL,5,45,Yes,22-09-2024,15,Diploma,5,7,15,1,0,0,0,1,0,0,0,1,1
E00174,Ela Vig,28,Analytics Team Leader,Female,IT,"? 21,31,887.00",3,No,22-10-2021,NULL,5,55,No,NULL,38,Master's,5,3,5,0,0,1,0,1,1,1,0,1,1
E00175,Oorja Madan,25,Recruiter,Female,HR,"? 5,93,243.00",3,No,22-10-2021,NULL,5,55,Yes,24-11-2024,33,Bachelor's,3,6,5,1,0,1,1,0,1,0,0,0,0
E00176,Pari Sarkar,28,Account Executive,Female,Sales,"? 11,51,277.00",1,Yes,31-10-2021,15-06-2023,2,45,Yes,04-11-2022,11,Bachelor's,2,2,32,0,0,0,0,1,0,1,1,0,0
E00177,Myra Dhaliwal,25,Finance Manager,Female,Finance,"? 12,82,237.00",1,Yes,03-11-2021,11-12-2022,2,40,No,NULL,6,Bachelor's,2,8,40,1,0,0,0,1,1,1,1,1,1
E00178,Pihu Chatterjee,38,Marketing Associate,Male,Marketing,"? 10,88,265.00",2,Yes,04-11-2021,13-10-2024,2,55,Yes,21-02-2022,12,Bachelor's,2,17,50,1,0,0,0,1,1,1,1,1,1
E00179,Vritika Srinivasan,31,Data Engineer,Female,IT,"? 17,88,382.00",3,No,04-11-2021,NULL,2,45,No,NULL,50,Bachelor's,5,4,12,0,1,0,1,0,1,1,1,0,0
E00180,Heer Ravel,28,Marketing Coordinator,Male,Marketing,"? 10,67,302.00",3,No,06-11-2021,NULL,3,55,No,NULL,17,Master's,4,0,5,1,0,0,0,0,1,1,1,1,1
E00181,Mamooty Sachdeva,33,Sales Representative,Female,Sales,"? 7,95,812.00",3,Yes,06-11-2021,19-04-2025,1,40,No,NULL,8,Diploma,2,4,42,1,0,0,0,0,1,1,0,1,1
E00182,Ira Keer,26,HR Coordinator,Female,HR,"? 13,07,475.00",3,Yes,07-11-2021,06-06-2025,2,45,Yes,03-05-2022,12,Bachelor's,2,10,16,0,0,0,0,1,0,0,1,0,1
E00183,Dharmajan Baria,38,SD 1,Female,IT,"? 17,93,287.00",3,No,09-11-2021,NULL,3,40,Yes,30-01-2025,48,Bachelor's,5,1,13,0,1,0,1,1,1,1,0,1,0
E00184,Riya Rout,34,Senior Analyst,Male,IT,"? 18,43,909.00",3,No,12-11-2021,NULL,5,50,Yes,01-03-2025,5,Master's,4,11,8,0,0,0,0,1,1,1,1,1,1
E00185,Piya Verma,27,Marketing Coordinator,Male,Marketing,"? 13,57,943.00",3,No,13-11-2021,NULL,2,45,Yes,08-10-2024,17,PhD,4,14,8,0,1,0,0,0,1,1,1,1,1
E00186,Zara Mahal,38,Data Analyst,Female,IT,"? 10,27,841.00",3,Yes,15-11-2021,06-06-2025,1,50,Yes,17-10-2024,14,PhD,1,5,38,1,0,0,0,1,0,1,0,1,1
E00187,Anaya Sangha,28,Marketing Manager,Female,Marketing,"? 23,84,616.00",2,Yes,15-11-2021,29-06-2024,1,40,No,NULL,10,Master's,2,19,10,1,0,0,0,0,1,0,0,0,0
E00188,Pihu Bose,27,Accountant,Male,Finance,"? 8,21,256.00",3,No,16-11-2021,NULL,4,45,No,NULL,41,Bachelor's,4,19,15,0,1,1,0,1,1,1,1,0,1
E00189,Amira Sehgal,32,CTO,Female,IT,"? 60,00,000.00",3,No,25-11-2021,NULL,5,45,No,NULL,24,Master's,5,2,13,0,1,1,1,1,1,0,1,1,1
E00190,Myra Bhargava,36,Marketing Manager,Female,Marketing,"? 28,87,619.00",3,No,25-11-2021,NULL,3,40,No,NULL,29,Master's,4,2,14,0,1,1,0,0,1,0,0,1,0
E00191,Madhup Shankar,38,Financial Analyst,Female,Finance,"? 6,78,538.00",3,No,30-11-2021,NULL,5,50,No,NULL,21,PhD,4,7,12,0,0,0,1,1,0,0,1,0,1
E00192,Ivana Batra,29,Marketing Coordinator,Male,Marketing,"? 14,59,154.00",1,Yes,09-12-2021,14-02-2023,2,45,Yes,10-01-2023,11,Master's,2,4,33,1,0,0,0,0,1,1,0,0,0
E00193,Onkar Khosla,37,Finance Manager,Female,Finance,"? 12,79,019.00",3,Yes,13-12-2021,06-06-2025,1,45,Yes,15-04-2023,7,PhD,2,7,41,1,0,0,0,0,1,1,1,0,0
E00194,Riaan Majumdar,36,HR Manager,Male,HR,"? 20,05,445.00",2,Yes,14-12-2021,19-03-2024,1,40,No,NULL,13,PhD,2,19,48,1,0,0,0,1,1,0,0,0,0
E00195,Raunak Handa,28,IT Support Specialist,Female,IT,"? 10,46,750.00",1,Yes,16-12-2021,03-10-2023,2,45,No,NULL,9,Diploma,1,1,34,0,0,0,0,0,0,0,1,0,1
E00196,Yakshit Chanda,26,Sales Manager,Female,Sales,"? 10,47,274.00",3,No,18-12-2021,NULL,4,45,No,NULL,37,Bachelor's,4,5,5,1,0,1,1,1,0,0,0,1,0
E00197,Charvi Basu,32,Sales Representative,Male,Sales,"? 9,89,323.00",3,Yes,18-12-2021,11-01-2025,1,55,Yes,08-02-2024,10,Diploma,2,13,44,1,0,0,0,1,1,1,1,1,1
E00198,Nehmat Gokhale,31,Content Content Creator,Female,Marketing,"? 4,50,508.00",3,Yes,27-12-2021,06-06-2025,3,40,No,NULL,8,Master's,1,3,33,1,0,0,0,1,0,0,1,1,0
E00199,Hridaan Comar,27,Content Creator,Male,Marketing,"? 3,28,616.00",3,No,30-12-2021,NULL,4,45,Yes,19-04-2025,17,Diploma,4,15,13,0,1,0,1,0,0,1,0,1,1
E00200,Divyansh Khanna,27,Data Analyst,Female,IT,"? 7,10,018.00",3,No,02-01-2022,NULL,3,55,Yes,09-08-2024,11,PhD,4,5,13,1,1,1,1,1,1,1,1,1,0
E00201,Krish De,26,Financial Analyst,Female,Finance,"? 5,42,302.00",2,Yes,14-01-2022,13-12-2024,1,45,No,NULL,9,Bachelor's,1,14,16,1,0,0,0,0,0,1,1,0,1
E00202,Anvi Gera,28,SD 2,Female,IT,"? 28,29,391.00",3,No,15-01-2022,NULL,2,45,No,NULL,7,Diploma,3,2,12,1,1,1,0,1,1,0,1,1,1
E00203,Kiaan Vyas,40,Marketing Coordinator,Female,Marketing,"? 10,14,883.00",3,No,15-01-2022,NULL,4,50,No,NULL,26,PhD,5,8,6,1,0,0,1,1,0,0,0,0,1
E00204,Shray Hayer,35,Account Executive,Female,Sales,"? 9,72,709.00",2,Yes,17-01-2022,19-10-2024,3,50,No,NULL,13,Bachelor's,1,11,30,0,0,0,0,1,1,1,1,1,1
E00205,Tara D’Alia,26,Financial Analyst,Male,Finance,"? 5,49,313.00",3,No,18-01-2022,NULL,4,50,No,NULL,47,PhD,3,12,14,0,0,0,0,1,1,0,0,1,1
E00206,Taran Agate,26,Finance Manager,Male,Finance,"? 12,17,331.00",3,No,19-01-2022,NULL,5,45,Yes,11-07-2024,41,Bachelor's,5,5,15,0,1,1,1,1,0,0,0,1,1
E00207,Hazel Iyengar,30,HR Manager,Female,HR,"? 22,45,825.00",2,Yes,22-01-2022,09-04-2024,3,40,No,NULL,8,Bachelor's,1,2,10,0,0,0,0,0,1,1,1,1,1
E00208,Zain Wagle,25,Accountant,Female,Finance,"? 8,43,331.00",2,Yes,29-01-2022,23-11-2024,1,55,No,NULL,11,PhD,2,0,32,0,0,0,0,1,1,1,0,0,0
E00209,Armaan Bajwa,34,Marketing Coordinator,Female,Marketing,"? 11,54,674.00",2,Yes,02-02-2022,11-05-2024,1,45,No,NULL,7,Bachelor's,1,2,41,1,0,0,0,0,0,0,1,1,1
E00210,Arnav Doctor,35,Marketing Associate,Female,Marketing,"? 10,80,413.00",2,Yes,13-02-2022,01-12-2024,1,40,Yes,11-02-2024,11,PhD,1,4,34,0,0,0,0,1,1,1,1,0,0
E00211,Kimaya Rout,33,HR Manager,Female,HR,"? 22,63,426.00",2,Yes,14-02-2022,02-08-2024,1,45,Yes,07-01-2024,6,PhD,2,12,28,1,0,0,0,0,0,1,0,1,0
E00212,Divyansh Keer,30,Marketing Coordinator,Male,Marketing,"? 13,16,521.00",2,Yes,19-02-2022,23-03-2024,2,55,No,NULL,12,PhD,1,17,46,0,0,0,0,0,1,1,1,1,1
E00213,Misha Gala,30,Finance Manager,Male,Finance,"? 13,47,954.00",2,Yes,20-02-2022,09-05-2024,1,40,No,NULL,8,Master's,1,5,33,1,0,0,0,1,1,0,1,0,0
E00214,Sumer Keer,38,Recruiter,Female,HR,"? 5,80,109.00",2,Yes,23-02-2022,17-10-2024,3,40,No,NULL,5,Bachelor's,2,10,41,1,0,0,0,1,1,0,1,0,0
E00215,Dishani Mane,36,Finance Manager,Female,Finance,"? 8,64,027.00",2,Yes,27-02-2022,10-03-2024,1,55,No,NULL,11,PhD,1,7,19,1,0,0,0,1,0,1,1,0,0
E00216,Ishaan Garg,29,Logistics Coordinator,Female,Operations,"? 7,54,814.00",3,No,07-03-2022,NULL,2,50,Yes,28-12-2024,35,PhD,5,6,14,1,1,0,0,1,1,0,1,0,1
E00217,Jayesh Dasgupta,27,Data Analyst,Female,IT,"? 7,37,103.00",3,No,18-03-2022,NULL,2,45,No,NULL,43,Master's,3,20,8,1,0,1,0,1,1,1,1,1,1
E00218,Miraya Kashyap,28,Financial Analyst,Female,Finance,"? 6,21,856.00",3,No,28-03-2022,NULL,2,50,No,NULL,20,PhD,3,10,10,0,0,0,0,1,0,1,0,0,0
E00219,Faiyaz Ramesh,36,Recruiter,Female,HR,"? 8,89,825.00",2,Yes,02-04-2022,09-11-2024,2,55,Yes,13-10-2023,6,Master's,2,7,45,0,0,0,0,1,0,1,1,0,0
E00220,Zain Buch,26,Finance Manager,Female,Finance,"? 10,73,901.00",2,Yes,13-04-2022,08-06-2024,3,50,No,NULL,13,Diploma,1,1,11,0,0,0,0,0,0,1,1,1,1
E00221,Kanav Hari,39,Sales Representative,Female,Sales,"? 6,15,428.00",3,No,29-04-2022,NULL,2,45,Yes,19-04-2025,27,PhD,5,4,9,0,1,0,0,1,1,0,0,0,0
E00222,Charvi Venkatesh,37,Marketing Coordinator,Female,Marketing,"? 10,51,591.00",2,Yes,04-05-2022,31-10-2024,1,45,No,NULL,13,Diploma,1,7,19,1,0,0,0,0,0,1,0,1,0
E00223,Rasha Wable,31,HR Coordinator,Female,HR,"? 12,98,012.00",3,No,21-05-2022,NULL,4,50,Yes,09-10-2024,49,Diploma,5,4,10,0,1,1,0,0,1,0,1,0,1
E00224,Vritika Gour,39,Finance Manager,Female,Finance,"? 13,50,280.00",2,Yes,12-06-2022,23-09-2024,1,55,Yes,05-10-2023,13,Diploma,2,17,25,1,0,0,0,1,1,1,1,1,1
E00225,Neelofar Deshpande,35,Marketing Coordinator,Male,Marketing,"? 10,43,017.00",3,No,15-06-2022,NULL,4,45,Yes,26-06-2024,38,Bachelor's,4,8,10,0,1,0,1,1,1,1,1,1,1
E00226,Jivin Gera,40,Accountant,Male,Finance,"? 9,78,560.00",2,Yes,16-06-2022,06-06-2025,1,45,Yes,29-09-2024,12,PhD,1,12,50,1,0,0,0,1,1,1,1,1,1
E00227,Tushar Master,27,Finance Manager,Male,Finance,"? 14,61,416.00",3,No,18-06-2022,NULL,5,40,No,NULL,29,PhD,5,2,9,1,1,0,1,1,0,0,1,0,0
E00228,Riaan Chanda,39,Finance Manager,Male,Finance,"? 11,05,367.00",3,No,21-06-2022,NULL,4,45,No,NULL,15,Diploma,4,14,7,0,1,0,0,1,0,0,1,0,1
E00229,Tejas Banik,29,Marketing Coordinator,Male,Marketing,"? 14,66,160.00",3,No,22-06-2022,NULL,2,45,Yes,28-07-2024,22,Diploma,4,20,9,0,0,0,1,0,1,1,1,1,1
E00230,Manjari Gade,29,Data Engineer,Female,IT,"? 14,39,360.00",3,No,22-06-2022,NULL,3,55,Yes,21-06-2024,46,Master's,5,14,9,1,1,1,1,1,1,1,1,0,1
E00231,Chirag Sura,29,Sales Manager,Female,Sales,"? 17,36,627.00",3,No,27-06-2022,NULL,2,40,Yes,02-09-2024,8,Diploma,4,7,9,1,1,1,1,1,1,0,0,1,1
E00232,Aradhya Raj,26,Account Executive,Male,Sales,"? 6,61,123.00",2,Yes,07-07-2022,19-09-2024,1,45,Yes,02-02-2024,14,Diploma,1,4,34,0,0,0,0,0,1,1,1,1,1
E00233,Sumer Banik,40,Data Analyst,Female,IT,"? 8,09,167.00",2,No,18-07-2022,NULL,2,55,No,NULL,9,Master's,5,6,5,1,1,1,1,1,0,0,0,1,0
E00234,Yashvi Chaudhari,27,Account Exec.,Female,Sales,"? 9,47,455.00",2,No,20-07-2022,NULL,4,40,No,NULL,20,Diploma,4,3,6,0,1,1,1,0,1,0,0,0,0
E00235,Nakul Choudhury,30,Sales Representative,Male,Sales,"? 8,33,202.00",1,Yes,29-07-2022,04-08-2023,1,50,No,NULL,7,Master's,2,14,34,1,0,0,0,1,0,1,0,0,1
E00236,Krish Singh,27,Marketing Associate,Female,Marketing,"? 14,08,983.00",1,Yes,09-08-2022,20-05-2024,1,40,Yes,18-12-2023,8,PhD,1,3,39,1,0,0,0,0,1,0,1,0,1
E00237,Madhup De,27,Sales Representative,Male,Sales,"? 9,34,476.00",1,Yes,10-08-2022,23-03-2024,2,50,No,NULL,11,Diploma,2,0,48,1,0,0,0,1,1,1,1,0,1
E00238,Tushar Sant,29,Sales Manager,Male,Sales,"? 17,03,927.00",1,Yes,11-08-2022,26-01-2024,1,55,No,NULL,12,Bachelor's,2,15,26,1,0,0,0,0,1,1,1,1,1
E00239,Anya Uppal,25,Marketing Coordinator,Male,Marketing,"? 13,00,553.00",2,No,13-08-2022,NULL,2,55,Yes,26-01-2025,37,Master's,3,18,10,1,1,1,1,1,1,1,1,1,1
E00240,Purab D’Alia,37,Marketing Coordinator,Male,Marketing,"? 11,79,026.00",1,Yes,25-08-2022,24-02-2024,2,55,No,NULL,13,Bachelor's,2,2,21,0,0,0,0,0,0,1,1,1,1
E00241,Piya Bhargava,25,Marketing Coordinator,Male,Marketing,"? 13,28,760.00",2,No,25-08-2022,NULL,2,55,No,NULL,39,PhD,3,14,11,1,1,1,1,0,1,1,1,1,1
E00242,Hansh Kade,25,Financial Analyst,Male,Finance,"? 7,30,578.00",2,No,30-08-2022,NULL,5,45,No,NULL,13,Diploma,4,9,9,1,1,1,1,1,1,0,0,1,0
E00243,Jayan Dani,35,Marketing Coordinator,Male,Marketing,"? 10,13,019.00",1,Yes,31-08-2022,05-11-2023,1,45,No,NULL,13,Master's,1,5,32,0,0,0,0,0,1,0,0,1,1
E00244,Zara Dara,28,Sales Manager,Male,Sales,"? 10,31,206.00",1,Yes,01-09-2022,27-06-2024,2,55,No,NULL,9,Master's,1,17,48,1,0,0,0,1,1,0,1,0,0
E00245,Diya Konda,31,Analytics Team Leader,Female,IT,"? 20,68,507.00",2,No,02-09-2022,NULL,4,55,Yes,17-06-2024,20,Bachelor's,3,18,15,1,1,1,1,1,0,0,0,1,0
E00246,Manjari Koshy,29,Analyst,Male,IT,"? 10,25,362.00",2,No,06-09-2022,NULL,4,50,Yes,11-12-2024,40,Diploma,5,15,12,1,1,1,1,1,0,1,1,1,1
E00247,Onkar Sarraf,40,Marketing Associate,Female,Marketing,"? 10,89,816.00",2,No,06-09-2022,NULL,2,40,Yes,25-04-2025,7,Diploma,3,0,8,1,1,1,1,1,1,1,1,1,1
E00248,Nirvi Wable,29,HR Manager,Male,HR,"? 16,14,278.00",2,No,11-09-2022,NULL,2,45,No,NULL,35,Diploma,5,3,13,1,1,1,1,1,0,0,0,1,0
E00249,Parinaaz Shukla,29,Account Executive,Male,Sales,"? 8,93,793.00",1,Yes,14-09-2022,15-02-2024,2,55,No,NULL,10,Bachelor's,1,6,30,1,0,0,0,0,1,0,0,0,0
E00250,Anika Mammen,38,Marketing Associate,Male,Marketing,"? 13,75,676.00",2,No,21-09-2022,NULL,3,55,Yes,28-10-2024,22,Master's,3,19,14,1,0,1,0,0,1,1,1,0,1
E00251,Hiran Shroff,25,Marketing Associate,Female,Marketing,"? 12,21,089.00",2,No,29-09-2022,NULL,3,40,Yes,26-02-2025,32,Diploma,4,0,13,1,1,1,1,1,0,1,0,0,0
E00252,Aaryahi Swamy,33,HR Manager,Male,HR,"? 18,73,251.00",2,No,29-09-2022,NULL,2,45,Yes,27-02-2025,28,Diploma,3,9,10,1,0,0,1,0,1,0,0,0,0
E00253,Anika Ganguly,26,Recruiter,Male,HR,"? 8,91,790.00",2,No,01-10-2022,NULL,3,45,Yes,26-11-2024,50,Master's,4,11,13,1,1,1,1,1,0,0,0,1,0
E00254,Samarth Badami,29,Sales Representative,Male,Sales,"? 7,92,192.00",2,No,07-10-2022,NULL,2,45,No,NULL,15,Master's,4,20,9,1,0,0,1,0,0,0,1,0,0
E00255,Ryan Chakraborty,36,HR Coordinator,Female,HR,"? 10,91,912.00",1,Yes,10-10-2022,27-01-2024,2,45,No,NULL,15,Bachelor's,1,3,41,1,0,0,0,1,0,0,1,1,1
E00256,Aarav Talwar,29,Finance Manager,Female,Finance,"? 11,75,275.00",1,Yes,10-10-2022,31-07-2024,3,40,Yes,07-05-2024,13,PhD,1,8,35,0,0,0,0,1,1,1,0,0,1
E00257,Adira Mander,27,SD 2,Male,IT,"? 29,62,124.00",1,Yes,18-10-2022,30-06-2024,2,55,Yes,25-03-2024,10,Master's,2,1,29,1,0,0,0,1,1,0,1,1,1
E00258,Vidur Chada,35,Finance Manager,Female,Finance,"? 8,97,325.00",1,Yes,20-10-2022,08-05-2024,2,45,No,NULL,13,Bachelor's,1,20,13,1,0,0,0,1,1,1,1,1,1
E00259,Pari Gade,28,Marketing Coordinator,Female,Marketing,"? 10,91,626.00",2,No,29-10-2022,NULL,4,50,No,NULL,8,PhD,4,10,5,1,1,1,1,1,0,0,0,0,1
E00260,Elakshi De,26,Recruiter,Female,HR,"? 8,81,271.00",2,No,02-11-2022,NULL,3,50,Yes,04-04-2025,16,Bachelor's,3,1,13,1,0,1,1,0,0,0,1,0,0
E00261,Mahika Wagle,27,Analytics Team Leader,Female,IT,"? 28,29,484.00",2,No,02-11-2022,NULL,2,40,No,NULL,17,Bachelor's,3,7,11,1,0,0,0,1,0,0,0,1,0
E00262,Anay Rattan,32,Sales Manager,Female,Sales,"? 12,88,737.00",2,No,11-11-2022,NULL,4,40,Yes,14-02-2025,11,Master's,3,10,8,0,1,1,0,0,1,1,1,0,1
E00263,Vanya Varty,38,Financial Analyst,Male,Finance,"? 7,39,943.00",1,Yes,13-11-2022,18-10-2024,2,55,No,NULL,12,Bachelor's,1,20,32,0,0,0,0,0,1,0,0,0,1
E00264,Navya Sangha,25,Sales Representative,Female,Sales,"? 7,81,021.00",1,Yes,14-11-2022,24-05-2024,1,45,No,NULL,8,Master's,1,1,37,1,0,0,0,0,1,1,1,1,1
E00265,Lavanya Sekhon,31,Financial Analyst,Female,Finance,"? 6,62,914.00",2,No,14-11-2022,NULL,3,55,Yes,02-04-2025,44,Diploma,4,19,7,0,1,0,1,0,1,1,1,1,1
E00266,Sana Deshmukh,27,Logistics Coordinator,Male,Operations,"? 8,25,706.00",1,Yes,16-11-2022,20-11-2023,3,55,No,NULL,7,Bachelor's,1,5,48,0,0,0,0,1,1,0,1,0,1
E00267,Misha Vig,40,HR Coordinator,Female,HR,"? 13,51,011.00",2,No,23-11-2022,NULL,4,45,Yes,04-01-2025,10,Bachelor's,5,16,15,1,1,1,1,1,1,0,0,0,0
E00268,Madhav Dixit,28,Account Executive,Female,Sales,"? 8,17,128.00",1,Yes,26-11-2022,20-02-2024,1,50,No,NULL,6,Diploma,2,2,26,0,0,0,0,0,1,1,1,1,1
E00269,Aaina Sabharwal,40,SD 1,Female,IT,"? 17,25,394.00",1,Yes,29-11-2022,14-11-2024,1,45,No,NULL,6,Diploma,1,6,42,0,0,0,0,1,0,0,1,0,1
E00270,Ryan Aurora,33,Marketing Coordinator,Male,Marketing,"? 11,13,477.00",1,Yes,29-11-2022,07-12-2023,2,40,No,NULL,6,Master's,1,10,10,0,0,0,0,1,0,1,0,0,0
E00271,Ela Sani,38,Marketing Coordinator,Female,Marketing,"? 12,03,845.00",2,No,01-12-2022,NULL,2,55,No,NULL,44,PhD,5,11,11,0,1,1,1,1,1,0,0,0,0
E00272,Aniruddh Dada,40,Accountant,Male,Finance,"? 9,08,915.00",2,No,08-12-2022,NULL,3,40,No,NULL,43,Master's,4,18,10,0,0,1,1,0,1,0,0,0,0
E00273,Ivana Choudhry,33,Recruiter,Male,HR,"? 9,96,065.00",2,No,12-12-2022,NULL,2,50,Yes,22-04-2025,7,Diploma,4,0,15,0,0,1,0,0,0,1,1,1,0
E00274,Abram Choudhary,26,SD 2,Male,IT,"? 26,37,683.00",2,No,30-12-2022,NULL,5,50,Yes,07-08-2024,47,Diploma,4,13,10,1,0,1,0,0,1,0,1,1,0
E00275,Taran Hora,32,HR Manager,Male,HR,"? 21,74,953.00",2,No,31-12-2022,NULL,2,45,No,NULL,46,Master's,3,0,9,1,0,0,1,1,1,1,1,0,1
E00276,Dishani Dua,25,Account Executive,Male,Sales,"? 11,47,440.00",1,Yes,05-01-2023,27-06-2024,1,50,No,NULL,8,Bachelor's,1,20,32,0,0,0,0,1,1,1,1,1,1
E00277,Dhanush Ganesan,35,SD 1,Male,IT,"? 15,58,170.00",1,Yes,12-01-2023,06-11-2024,1,40,Yes,09-02-2024,15,Diploma,1,6,39,0,0,0,0,1,1,1,0,1,1
E00278,Advik Setty,36,Marketing Associate,Female,Marketing,"? 10,59,772.00",2,No,16-01-2023,NULL,2,50,Yes,20-01-2025,49,Bachelor's,5,20,15,1,1,1,1,1,0,1,1,1,1
E00279,Mahika Raj,40,Recruiter,Male,HR,"? 5,10,092.00",2,No,19-01-2023,NULL,3,55,Yes,05-04-2025,48,Diploma,3,19,15,1,1,1,1,1,1,1,0,0,1
E00280,Ishita Krishnan,37,SD 1,Male,IT,"? 15,32,588.00",1,Yes,28-01-2023,18-04-2024,1,55,No,NULL,9,Bachelor's,1,8,10,0,0,0,0,1,0,1,0,0,0
E00281,Raghav Chanda,38,Marketing Coordinator,Male,Marketing,"? 11,58,654.00",2,No,28-01-2023,NULL,2,55,No,NULL,47,Bachelor's,3,15,15,0,1,1,1,1,1,1,1,1,1
E00282,Renee Lala,29,Accountant,Female,Finance,"? 8,69,358.00",2,No,31-01-2023,NULL,3,40,Yes,05-01-2025,7,Diploma,4,17,10,0,1,1,0,1,1,1,0,1,1
E00283,Nehmat Bhatia,27,Finance Manager,Female,Finance,"? 9,13,309.00",2,No,10-02-2023,NULL,2,45,Yes,10-09-2024,34,Diploma,3,18,11,1,1,0,1,1,1,1,0,1,1
E00284,Ishaan Manne,27,HR Coordinator,Female,HR,"? 13,17,643.00",1,Yes,10-02-2023,15-08-2024,2,55,Yes,17-04-2024,13,Diploma,1,18,39,1,0,0,0,0,0,0,0,1,1
E00285,Indranil Guha,27,Accountant,Male,Finance,"? 9,61,486.00",2,No,14-02-2023,NULL,4,45,No,NULL,43,PhD,5,7,12,1,1,1,1,1,0,1,0,1,1
E00286,Piya Bahl,40,Financial Analyst,Female,Finance,"? 6,89,819.00",1,Yes,16-02-2023,30-07-2024,2,40,No,NULL,10,Bachelor's,2,19,30,1,0,0,0,1,0,1,1,0,0
E00287,Manikya Kothari,28,Marketing Associate,Male,Marketing,"? 11,13,743.00",1,Yes,18-02-2023,05-01-2025,3,50,No,NULL,12,Bachelor's,1,15,38,0,0,0,0,0,1,1,1,1,1
E00288,Nitya Biswas,26,Recruiter,Male,HR,"? 8,65,192.00",1,Yes,22-02-2023,23-05-2024,2,40,No,NULL,11,Diploma,1,18,31,1,0,0,0,1,1,1,0,1,0
E00289,Piya Gandhi,25,Accountant,Male,Finance,"? 9,32,818.00",2,No,24-02-2023,NULL,2,50,No,NULL,34,PhD,4,3,6,1,1,1,1,1,0,0,1,1,0
E00290,Vaibhav Agrawal,28,Sales Representative,Male,Sales,"? 7,64,144.00",2,No,27-02-2023,NULL,5,45,Yes,29-01-2025,19,Master's,3,14,8,0,1,0,1,0,0,1,1,1,0
E00291,Parinaaz Apte,25,Finance Manager,Female,Finance,"? 13,57,658.00",2,No,10-03-2023,NULL,5,50,No,NULL,28,Bachelor's,3,10,7,0,0,1,0,1,0,0,1,1,0
E00292,Hazel Saran,30,Financial Analyst,Female,Finance,"? 5,09,503.00",1,Yes,10-03-2023,27-05-2024,1,45,No,NULL,14,Master's,2,20,39,0,0,0,0,0,1,1,1,1,1
E00293,Sumer Ramakrishnan,32,Data Engineer,Male,IT,"? 16,83,748.00",1,Yes,13-03-2023,10-04-2024,3,40,No,NULL,12,PhD,1,3,48,1,0,0,0,0,1,1,1,1,0
E00294,Mohanlal Edwin,25,Marketing Associate,Male,Marketing,"? 11,54,345.00",2,No,17-03-2023,NULL,3,55,No,NULL,31,Diploma,5,16,9,0,1,0,1,1,1,1,1,1,1
E00295,Hansh Bhardwaj,34,Data Analyst,Female,IT,"? 9,84,749.00",2,No,20-03-2023,NULL,3,50,No,NULL,37,Bachelor's,4,19,6,0,0,0,1,0,1,1,1,1,0
E00296,Nirvi Reddy,27,Data Analyst,Female,IT,"? 11,67,581.00",2,No,21-03-2023,NULL,3,55,Yes,19-09-2024,16,Diploma,4,7,11,1,0,0,1,1,1,1,1,1,1
E00297,Sana Dar,28,HR Manager,Female,HR,"? 17,41,877.00",1,Yes,27-03-2023,13-11-2024,1,45,No,NULL,14,Diploma,2,20,37,1,0,0,0,1,0,0,0,0,1
E00298,Aaryahi Tandon,32,Finance Manager,Male,Finance,"? 12,86,872.00",2,No,04-04-2023,NULL,4,40,Yes,01-08-2024,35,PhD,5,7,5,1,1,0,0,0,0,1,0,0,0
E00299,Hazel Sastry,28,Marketing Coordinator,Female,Marketing,"? 10,46,122.00",2,No,09-04-2023,NULL,4,50,No,NULL,9,PhD,3,3,14,1,0,1,1,1,0,0,0,1,0
E00300,Nitara Wable,34,Financial Analyst,Female,Finance,"? 6,05,520.00",2,No,13-04-2023,NULL,4,40,Yes,24-04-2025,5,Master's,4,16,7,0,1,0,0,1,1,0,0,0,0
E00301,Aarush Manne,37,Director,Male,Marketing,"? 55,00,000.00",2,No,14-04-2023,NULL,5,55,No,NULL,29,Master's,3,0,15,1,0,1,1,1,0,1,1,0,1
E00302,Azad Chowdhury,27,Account Executive,Male,Sales,"? 11,02,523.00",2,No,19-04-2023,NULL,3,50,No,NULL,25,Diploma,4,18,11,1,1,1,1,1,1,1,1,1,1
E00303,Sumer Apte,30,Analytics Team Leader,Male,IT,"? 26,62,476.00",2,No,21-04-2023,NULL,4,50,No,NULL,19,Diploma,5,18,12,0,1,0,1,0,0,0,1,1,0
E00304,Kanav Ben,34,Financial Analyst,Female,Finance,"? 5,51,191.00",1,Yes,22-04-2023,23-05-2024,3,40,No,NULL,6,PhD,1,17,41,0,0,0,0,0,0,0,0,1,0
E00305,Vardaniya Dayal,40,Marketing Associate,Male,Marketing,"? 14,13,237.00",1,Yes,28-04-2023,07-11-2024,3,55,No,NULL,9,Bachelor's,1,14,33,1,0,0,0,1,0,1,1,0,0
E00306,Advik Golla,36,Marketing Associate,Female,Marketing,"? 11,20,679.00",2,No,29-04-2023,NULL,3,45,No,NULL,18,PhD,5,5,14,1,0,1,1,1,1,0,1,0,0
E00307,Sumer Ramanathan,40,HR Manager,Female,HR,"? 24,59,274.00",1,Yes,13-05-2023,13-05-2024,1,55,No,NULL,8,Diploma,2,13,34,1,0,0,0,0,1,0,1,1,1
E00308,Zoya Bhattacharyya,28,Marketing Coordinator,Female,Marketing,"? 10,30,066.00",2,No,18-05-2023,NULL,5,45,No,NULL,49,Master's,3,19,11,0,0,0,1,1,0,0,0,0,1
E00309,Vritika Bobal,26,Finance Manager,Female,Finance,"? 14,90,960.00",1,Yes,18-05-2023,04-05-2025,3,40,No,NULL,10,PhD,2,15,41,1,0,0,0,0,1,0,0,0,0
E00310,Manikya Madan,33,Accountant,Female,Finance,"? 8,48,377.00",2,No,22-05-2023,NULL,4,45,No,NULL,12,Diploma,5,18,10,1,1,1,0,1,1,1,1,1,0
E00311,Mahika Thakur,35,Recruiter,Male,HR,"? 9,47,877.00",1,Yes,23-05-2023,23-07-2024,1,40,No,NULL,14,Diploma,2,18,37,1,0,0,0,0,0,1,1,0,0
E00312,Dharmajan Ben,25,Logistics Coordinator,Male,Operations,"? 8,46,437.00",2,No,23-05-2023,NULL,5,45,No,NULL,50,Master's,5,12,13,0,0,0,1,0,1,1,0,1,0
E00313,Divij Keer,40,Marketing Associate,Female,Marketing,"? 11,84,913.00",1,Yes,23-05-2023,29-09-2024,3,55,Yes,03-06-2024,5,Bachelor's,2,2,5,0,1,0,0,0,1,0,1,1,0
E00314,Reyansh Chaudhry,26,IT Support Specialist,Female,IT,"? 10,83,300.00",1,Yes,28-05-2023,24-08-2024,1,50,Yes,22-07-2024,7,Bachelor's,2,13,12,1,1,0,0,1,1,0,0,1,1
E00315,Sana Bhatnagar,27,SD 1,Male,IT,"? 20,38,869.00",1,Yes,04-06-2023,04-06-2024,2,55,No,NULL,14,Bachelor's,1,15,26,0,1,1,1,0,1,0,1,1,1
E00316,Divij Baria,28,Marketing Coordinator,Female,Marketing,"? 11,90,834.00",2,No,08-06-2023,NULL,5,50,Yes,07-04-2025,15,Diploma,3,16,5,1,0,1,1,1,1,1,1,1,1
E00317,Faiyaz Sangha,30,Data Analyst,Male,IT,"? 11,16,506.00",2,No,10-06-2023,NULL,5,50,No,NULL,39,Bachelor's,3,9,9,1,1,1,1,1,1,1,1,0,0
E00318,Eshani Bir,33,Marketing Associate,Female,Marketing,"? 14,10,675.00",2,No,14-06-2023,NULL,5,55,No,NULL,5,Master's,3,9,7,1,0,1,0,0,0,1,1,0,1
E00319,Riaan Sagar,32,Accountant,Female,Finance,"? 9,89,159.00",1,Yes,16-06-2023,07-03-2025,1,40,No,NULL,11,Bachelor's,1,10,40,1,1,0,0,1,0,0,0,0,1
E00320,Indrans Shukla,25,Marketing Coordinator,Female,Marketing,"? 13,94,872.00",1,Yes,18-06-2023,27-08-2024,1,45,No,NULL,5,Master's,1,16,29,1,1,0,0,1,0,0,1,0,0
E00321,Ahana Behl,30,Recruiter,Female,HR,"? 9,74,958.00",1,Yes,22-06-2023,09-12-2024,3,40,No,NULL,7,PhD,1,3,36,1,1,0,0,0,1,1,1,0,1
E00322,Hridaan Saxena,37,Financial Analyst,Male,Finance,"? 7,60,863.00",1,Yes,28-06-2023,24-08-2024,2,40,No,NULL,10,Diploma,2,12,44,1,0,0,0,0,0,0,1,0,0
E00323,Divij Sem,34,Data Analyst,Male,IT,"? 7,98,234.00",2,No,30-06-2023,NULL,3,50,Yes,04-03-2025,47,Diploma,5,2,14,0,1,1,1,1,1,1,1,1,1
E00324,Yasmin Sarkar,26,Marketing Associate,Male,Marketing,"? 10,22,218.00",1,Yes,30-06-2023,22-01-2025,1,45,No,NULL,5,Bachelor's,1,14,49,1,0,0,0,0,1,1,1,1,0
E00325,Miraan Sharaf,32,Senior Analyst,Male,IT,"? 15,42,628.00",2,No,05-07-2023,NULL,3,45,No,NULL,13,Master's,5,9,14,1,1,1,0,1,1,0,0,0,1
E00326,Ehsaan Loke,31,Recruiter,Male,HR,"? 9,68,493.00",1,Yes,09-07-2023,09-07-2024,2,55,No,NULL,9,Diploma,2,3,49,0,1,0,1,1,0,1,1,1,1
E00327,Mohanlal Krish,37,Marketing Coordinator,Male,Marketing,"? 11,93,936.00",1,Yes,09-07-2023,09-07-2024,2,45,No,NULL,10,Bachelor's,1,16,10,0,0,0,0,0,1,1,1,1,1
E00328,Jayesh Jaggi,32,Data Engineer,Female,IT,"? 16,61,879.00",1,No,11-07-2023,NULL,5,40,Yes,17-04-2025,28,PhD,4,7,12,1,1,1,1,1,1,1,0,0,0
E00329,Kashvi Issac,26,Finance Manager,Male,Finance,"? 14,95,236.00",1,No,22-07-2023,NULL,5,40,Yes,31-01-2025,29,Diploma,4,19,14,1,1,1,1,0,1,0,1,1,1
E00330,Piya Joshi,40,Financial Analyst,Female,Finance,"? 6,42,530.00",1,No,23-07-2023,NULL,5,55,Yes,06-08-2024,38,Master's,5,3,6,1,1,1,1,1,0,0,0,0,1
E00331,Nitya Chahal,28,HR Coordinator,Female,HR,"? 10,00,573.00",1,Yes,29-07-2023,29-07-2024,2,45,No,NULL,8,Bachelor's,2,5,45,0,0,0,0,1,1,1,1,1,1
E00332,Sumer Kashyap,39,Sales Manager,Male,Sales,"? 18,29,694.00",1,Yes,29-07-2023,29-07-2024,1,50,No,NULL,13,Bachelor's,1,17,29,1,1,0,0,1,1,1,1,1,1
E00333,Elakshi Sama,29,Account Executive,Female,Sales,"? 9,25,934.00",1,Yes,11-08-2023,11-08-2024,1,55,No,NULL,12,Master's,2,16,29,0,0,0,0,1,1,0,0,0,0
E00334,Pari Gola,29,HR Coordinator,Female,HR,"? 11,29,063.00",1,Yes,13-08-2023,13-08-2024,3,55,No,NULL,13,PhD,2,8,29,1,1,0,1,1,1,1,1,1,0
E00335,Seher Badal,28,Marketing Coordinator,Female,Marketing,"? 11,59,352.00",1,Yes,15-08-2023,15-08-2024,3,55,No,NULL,7,Master's,2,1,47,0,1,0,0,0,1,1,1,1,0
E00336,Heer Kari,39,Accountant,Male,Finance,"? 9,04,905.00",1,Yes,16-08-2023,16-08-2024,3,40,No,NULL,15,PhD,1,15,29,1,1,1,1,1,1,0,0,0,1
E00337,Hunar Kapur,25,Marketing Associate,Female,Marketing,"? 12,54,427.00",1,No,18-08-2023,NULL,2,45,No,NULL,22,Diploma,3,2,14,1,0,1,0,0,1,1,1,1,0
E00338,Anvi Gola,27,IT Support Specialist,Male,IT,"? 7,66,566.00",1,No,22-08-2023,NULL,5,50,No,NULL,20,Bachelor's,5,8,6,1,1,0,1,1,1,0,0,0,0
E00339,Amani Suresh,32,Marketing Coordinator,Male,Marketing,"? 13,03,417.00",1,Yes,23-08-2023,23-08-2024,2,55,No,NULL,7,Diploma,2,3,23,0,0,0,0,1,1,0,1,1,1
E00340,Ishaan Chahal,35,HR Manager,Female,HR,"? 22,80,163.00",1,No,23-08-2023,NULL,3,50,Yes,14-02-2025,21,Diploma,3,15,7,1,1,1,1,1,0,1,0,1,1
E00341,Shray Bhavsar,25,Finance Manager,Female,Finance,"? 10,81,408.00",1,Yes,23-08-2023,23-08-2024,2,55,No,NULL,7,Bachelor's,1,7,33,1,1,1,1,1,1,1,1,0,1
E00342,Oorja Seshadri,34,SD 1,Female,IT,"? 16,57,931.00",1,No,24-08-2023,NULL,3,50,Yes,01-02-2025,35,Master's,4,18,14,0,0,1,0,0,0,0,0,0,1
E00343,Bhamini Sahota,37,Financial Analyst,Male,Finance,"? 6,88,564.00",1,Yes,16-09-2023,16-09-2024,3,55,No,NULL,8,PhD,2,12,43,0,1,1,1,1,0,1,0,0,0
E00344,Pari Lalla,27,Marketing Associate,Male,Marketing,"? 14,45,189.00",1,Yes,24-09-2023,24-09-2024,1,45,No,NULL,10,Master's,2,16,11,1,0,0,0,0,1,1,1,1,1
E00345,Divyansh Mand,25,Finance Manager,Male,Finance,"? 13,14,320.00",1,No,24-09-2023,NULL,5,40,No,NULL,48,Bachelor's,5,0,7,1,1,1,1,1,0,1,0,1,1
E00346,Adah Bajwa,30,Marketing Coordinator,Male,Marketing,"? 11,96,399.00",1,Yes,25-09-2023,25-09-2024,1,50,No,NULL,5,Bachelor's,1,12,48,0,1,1,1,0,1,0,1,1,1
E00347,Samarth Kota,34,Analyst,Female,IT,"? 11,91,371.00",1,No,28-09-2023,NULL,3,55,No,NULL,22,Master's,5,13,10,1,1,1,1,1,1,1,0,1,1
E00348,Hrishita Apte,36,Finance Manager,Female,Finance,"? 12,42,534.00",1,Yes,28-09-2023,28-09-2024,1,50,No,NULL,12,PhD,1,0,31,1,1,1,1,1,1,1,1,0,0
E00349,Renee Chandran,30,Accountant,Female,Finance,"? 8,84,611.00",1,No,01-10-2023,NULL,5,40,Yes,07-02-2025,18,Diploma,3,15,9,1,0,1,0,0,1,1,0,1,1
E00350,Raghav Kara,27,Analytics Team Leader,Male,IT,"? 27,64,504.00",1,No,03-10-2023,NULL,5,40,No,NULL,16,PhD,5,0,12,1,1,1,1,1,1,0,1,0,0
E00351,Shanaya Kota,32,Sales Manager,Female,Sales,"? 10,29,286.00",1,Yes,07-10-2023,07-10-2024,3,40,No,NULL,12,Master's,1,3,48,0,0,0,0,1,0,1,0,0,0
E00352,Trisha Mall,31,Accountant,Male,Finance,"? 8,15,679.00",1,No,07-10-2023,NULL,2,45,Yes,07-02-2025,27,PhD,5,9,7,1,1,0,0,1,0,1,0,0,0
E00353,Jhanvi Sant,30,Recruiter,Male,HR,"? 9,87,776.00",1,No,11-10-2023,NULL,3,45,No,NULL,32,Bachelor's,4,3,9,0,1,1,1,1,1,1,1,1,1
E00354,Tanya Kalla,33,Financial Analyst,Male,Finance,"? 5,79,362.00",1,Yes,14-10-2023,14-10-2024,1,50,No,NULL,12,PhD,2,0,38,1,0,0,0,1,1,1,0,0,0
E00355,Purab Vohra,36,Finance Manager,Male,Finance,"? 10,96,163.00",1,No,21-10-2023,NULL,4,45,Yes,14-01-2025,19,Bachelor's,5,15,7,1,0,1,0,1,0,0,0,1,0
E00356,Lavanya Dada,30,Data Analyst,Male,IT,"? 7,42,506.00",1,Yes,28-10-2023,28-10-2024,2,45,No,NULL,15,Diploma,2,1,24,1,1,1,1,1,1,1,0,1,1
E00357,Shlok Venkataraman,40,HR Manager,Male,HR,"? 27,52,022.00",1,Yes,28-10-2023,28-10-2024,2,55,No,NULL,13,PhD,1,5,31,0,0,0,0,1,1,1,1,1,1
E00358,Tara Uppal,38,Sales Manager,Female,Sales,"? 14,28,726.00",1,No,01-11-2023,NULL,4,40,No,NULL,32,Bachelor's,3,8,11,1,0,0,1,1,0,1,0,1,1
E00359,Parinaaz Karan,30,IT Support Head,Female,IT,"? 15,00,000.00",1,No,01-11-2023,NULL,4,45,No,NULL,21,PhD,5,11,6,0,1,1,1,1,1,1,1,1,1
E00360,Trisha Jani,29,Financial Analyst,Male,Finance,"? 6,74,516.00",1,No,02-11-2023,NULL,4,45,No,NULL,44,Master's,3,20,10,0,0,0,1,1,1,1,1,1,1
E00361,Ehsaan Khatri,26,Sales Representative,Male,Sales,"? 5,56,027.00",1,Yes,07-11-2023,07-11-2024,1,55,No,NULL,6,Diploma,1,10,43,0,1,0,0,1,0,0,0,1,1
E00362,Anay Bhatia,25,HR Coordinator,Male,HR,"? 11,45,286.00",1,Yes,10-11-2023,10-11-2024,2,40,No,NULL,12,PhD,2,14,35,0,1,0,0,1,0,1,1,0,1
E00363,Neysa Bir,29,HR Manager,Male,HR,"? 24,41,200.00",1,No,12-11-2023,NULL,3,45,Yes,04-12-2024,22,Bachelor's,4,16,33,0,0,1,1,0,1,1,1,1,0
E00364,Nirvaan Keer,26,Senior Analyst,Male,IT,"? 13,15,973.00",1,No,13-11-2023,NULL,3,40,No,NULL,39,Diploma,4,5,24,0,1,0,1,1,0,1,0,1,0
E00365,Riya Dasgupta,35,HR Manager,Male,HR,"? 24,65,815.00",1,Yes,15-11-2023,15-11-2024,1,45,No,NULL,6,Diploma,2,16,35,0,0,0,0,1,0,1,1,0,1
E00366,Lakshay Agarwal,31,SD 2,Female,IT,"? 28,56,069.00",1,Yes,18-11-2023,18-11-2024,1,50,No,NULL,14,Diploma,2,5,29,0,0,0,0,0,0,1,0,0,0
E00367,Tiya Balakrishnan,34,IT Support Specialist,Female,IT,"? 9,09,582.00",1,No,22-11-2023,NULL,3,55,No,NULL,23,PhD,4,3,17,0,0,1,0,0,1,1,1,0,0
E00368,Nishith Chopra,38,Accountant,Male,Finance,"? 9,67,691.00",1,No,26-11-2023,NULL,5,50,Yes,29-05-2025,18,Master's,3,19,22,0,1,1,0,1,0,1,1,1,1
E00369,Vidur Sura,40,Data Analyst,Male,IT,"? 8,65,068.00",1,Yes,06-12-2023,06-12-2024,2,45,No,NULL,10,PhD,2,15,10,1,1,1,1,1,1,1,0,1,1
E00370,Mehul Sidhu,30,HR Coordinator,Female,HR,"? 13,50,449.00",1,No,20-12-2023,NULL,2,45,No,NULL,25,Master's,4,8,12,0,1,0,0,0,1,1,1,1,1
E00371,Aayush Biswas,39,Content Content Creator,Female,Marketing,"? 4,48,634.00",1,No,21-12-2023,NULL,4,50,Yes,03-01-2025,49,Diploma,3,17,14,0,0,1,1,1,1,1,1,1,1
E00372,Yuvraj Talwar,34,Marketing Associate,Male,Marketing,"? 10,19,137.00",1,No,22-12-2023,NULL,4,40,No,NULL,5,Master's,3,12,5,1,1,1,1,1,0,0,1,0,0
E00373,Taimur Dugal,26,Financial Analyst,Male,Finance,"? 6,09,849.00",1,No,25-12-2023,NULL,5,40,No,NULL,5,Bachelor's,5,12,11,0,1,0,0,0,0,1,0,0,1
E00374,Ayesha Kari,32,Finance Manager,Female,Finance,"? 11,76,143.00",1,No,30-12-2023,NULL,5,40,No,NULL,42,Bachelor's,5,12,12,1,1,1,1,1,0,1,1,1,1
E00375,Anay Gill,25,HR Coordinator,Male,HR,"? 10,77,209.00",1,Yes,03-01-2024,03-01-2025,1,55,No,NULL,7,Diploma,2,1,39,1,1,1,1,0,1,1,0,0,1
E00376,Ryan Loke,30,Logistics Coordinator,Female,Operations,"? 9,09,781.00",1,No,05-01-2024,NULL,4,50,No,NULL,29,Diploma,3,9,12,1,0,1,0,1,0,0,1,0,0
E00377,Kanav Gour,35,Marketing Associate,Male,Marketing,"? 14,19,245.00",1,Yes,05-01-2024,05-01-2025,3,50,No,NULL,11,Master's,2,16,39,1,1,1,1,1,1,0,1,0,1
E00378,Shaan Tara,36,Finance Manager,Male,Finance,"? 9,16,771.00",1,No,07-01-2024,NULL,3,55,Yes,27-02-2025,6,Diploma,4,19,9,1,0,1,1,1,1,1,1,1,1
E00379,Saanvi Sundaram,31,Marketing Coordinator,Female,Marketing,"? 10,53,309.00",1,Yes,11-01-2024,11-01-2025,1,50,No,NULL,14,Master's,1,19,27,0,1,0,0,0,0,0,1,1,1
E00380,Sana Rau,38,HR Manager,Female,HR,"? 23,32,437.00",1,Yes,12-01-2024,12-01-2025,2,55,No,NULL,9,Bachelor's,2,3,29,1,1,1,1,1,1,0,1,1,0
E00381,Zain Karnik,26,Senior Analyst,Male,IT,"? 14,35,406.00",1,No,19-01-2024,NULL,2,45,Yes,19-02-2025,23,Bachelor's,4,10,15,0,1,1,0,0,0,1,1,1,1
E00382,Onkar Atwal,25,Recruiter,Male,HR,"? 8,06,360.00",1,No,19-01-2024,NULL,2,45,No,NULL,46,Master's,3,10,8,1,1,1,1,0,0,0,1,0,0
E00383,Sumer Raval,25,Sales Representative,Female,Sales,"? 5,56,033.00",1,No,20-01-2024,NULL,5,45,Yes,14-05-2025,19,Master's,3,9,7,0,1,0,1,1,0,1,1,1,1
E00384,Taran Kata,28,Senior Analyst,Male,IT,"? 17,15,946.00",1,Yes,20-01-2024,20-01-2025,2,45,No,NULL,5,PhD,1,19,27,1,1,1,1,0,1,1,1,1,0
E00385,Farhan Badami,28,Data Warehouse Lead,Male,IT,"? 30,00,000.00",1,No,21-01-2024,NULL,5,55,Yes,16-03-2025,41,Diploma,3,7,9,0,1,1,0,1,0,1,0,1,1
E00386,Mishti Gola,39,Finance Manager,Male,Finance,"? 13,52,427.00",1,Yes,22-01-2024,22-01-2025,3,50,No,NULL,12,PhD,2,7,26,0,1,0,0,0,1,1,1,0,0
E00387,Aarush Babu,38,Content Creator,Male,Marketing,"? 4,97,891.00",1,Yes,25-01-2024,25-01-2025,1,50,No,NULL,15,Master's,1,8,46,0,0,0,0,0,0,1,0,0,0
E00388,Manikya Sandal,25,Senior Analyst,Male,IT,"? 17,60,446.00",1,Yes,26-01-2024,26-01-2025,2,55,No,NULL,7,Bachelor's,1,0,32,0,1,0,0,0,1,0,1,1,1
E00389,Aayush Karpe,31,Accountant,Male,Finance,"? 8,08,812.00",1,No,29-01-2024,NULL,5,45,No,NULL,19,Master's,3,19,11,1,1,1,1,1,0,1,1,0,0
E00390,Vedika Arya,30,Sales Representative,Female,Sales,"? 9,66,799.00",1,Yes,09-02-2024,09-02-2025,1,45,No,NULL,8,Diploma,1,11,9,1,1,1,1,0,0,1,1,0,0
E00391,Hansh Jani,36,Accountant,Female,Finance,"? 8,64,017.00",1,Yes,09-02-2024,09-02-2025,3,40,No,NULL,10,Bachelor's,1,6,31,1,1,1,1,1,0,0,0,0,1
E00392,Shamik Dada,30,SD 1,Female,IT,"? 19,06,427.00",1,Yes,09-02-2024,09-02-2025,3,40,No,NULL,12,Bachelor's,1,13,23,1,1,1,0,0,0,0,1,0,0
E00393,Fateh Rana,29,Senior Analyst,Female,IT,"? 19,90,573.00",1,Yes,11-02-2024,11-02-2025,3,45,No,NULL,8,Diploma,1,17,49,0,1,0,0,1,1,1,1,1,1
E00394,Yuvraj Hayer,27,SD 1,Female,IT,"? 20,89,833.00",1,Yes,11-02-2024,11-02-2025,2,40,No,NULL,9,PhD,1,0,42,1,1,1,1,1,0,1,1,0,0
E00395,Aarav Dave,28,Logistics Coordinator,Male,Operations,"? 9,54,460.00",1,Yes,13-02-2024,13-02-2025,1,50,No,NULL,9,Diploma,1,4,26,1,0,0,0,1,0,1,0,1,1
E00396,Umang Ratti,26,Data Analyst,Male,IT,"? 8,15,199.00",1,No,18-02-2024,NULL,5,55,No,NULL,25,Bachelor's,4,0,5,0,0,1,1,1,0,0,0,1,0
E00397,Eva Yohannan,27,Accountant,Male,Finance,"? 9,99,294.00",1,Yes,24-02-2024,24-02-2025,1,40,No,NULL,15,Bachelor's,1,15,46,0,0,0,0,0,0,1,1,0,1
E00398,Nakul Bajaj,28,Sales Manager,Female,Sales,"? 10,50,484.00",1,Yes,27-02-2024,27-02-2025,2,50,No,NULL,8,Bachelor's,2,11,30,1,0,0,0,0,1,0,1,1,1
E00399,Armaan Kota,30,Finance Manager,Female,Finance,"? 9,46,365.00",1,No,28-02-2024,NULL,4,45,Yes,27-02-2025,41,Master's,5,6,5,0,1,0,1,0,0,0,0,1,0
E00400,Vidur Kata,27,Accountant,Female,Finance,"? 8,12,070.00",1,Yes,02-03-2024,02-03-2025,2,50,No,NULL,6,PhD,1,10,14,0,1,1,0,0,1,1,0,0,0
E00401,Suhana Kumer,29,Accountant,Male,Finance,"? 9,25,737.00",1,Yes,05-03-2024,05-03-2025,2,50,No,NULL,6,Master's,1,3,42,1,1,0,0,1,1,0,0,1,0
E00402,Trisha Saini,36,Sales Representative,Female,Sales,"? 5,27,664.00",1,Yes,06-03-2024,06-03-2025,2,45,No,NULL,11,Diploma,1,5,28,1,0,0,0,1,1,1,1,1,1
E00403,Adira Chana,31,Sales Representative,Male,Sales,"? 9,47,288.00",1,Yes,07-03-2024,07-03-2025,1,50,No,NULL,15,PhD,2,18,41,1,1,1,0,0,1,1,1,1,1
E00404,Dishani Boase,38,Finance Manager,Female,Finance,"? 13,03,798.00",1,Yes,09-03-2024,09-03-2025,3,50,No,NULL,10,Master's,1,20,11,1,0,0,0,1,1,0,0,0,0
E00405,Azad Yohannan,25,Sales Representative,Female,Sales,"? 8,97,556.00",1,No,09-03-2024,NULL,5,40,Yes,26-05-2025,7,Bachelor's,5,7,13,0,0,0,0,1,0,1,1,0,1
E00406,Jayesh Sengupta,30,Recruiter,Male,HR,"? 5,59,057.00",1,Yes,11-03-2024,11-03-2025,3,50,No,NULL,15,Bachelor's,1,18,30,1,1,1,1,1,0,1,1,1,0
E00407,Anvi Cheema,39,Sales Manager,Male,Sales,"? 17,33,809.00",1,Yes,12-03-2024,12-03-2025,2,40,No,NULL,13,PhD,1,10,11,1,1,1,1,1,1,1,1,0,1
E00408,Piya Hayer,30,SD 2,Female,IT,"? 26,72,304.00",1,Yes,12-03-2024,12-03-2025,1,50,No,NULL,11,Master's,2,6,24,0,1,0,0,0,0,0,0,0,1
E00409,Baiju Anne,37,Senior Analyst,Female,IT,"? 16,85,012.00",1,No,13-03-2024,NULL,3,55,Yes,07-05-2025,42,PhD,3,18,5,1,1,1,0,1,0,0,1,0,1
E00410,Fateh Raju,37,Marketing Coordinator,Male,Marketing,"? 12,01,354.00",1,Yes,14-03-2024,14-03-2025,3,40,No,NULL,9,PhD,1,4,37,0,0,0,0,0,1,1,0,1,1
E00411,Chirag Bawa,26,SD 1,Female,IT,"? 18,75,940.00",1,Yes,19-03-2024,19-03-2025,1,55,No,NULL,10,Master's,2,4,17,0,1,0,0,0,1,0,1,1,1
E00412,Nirvi Samra,25,Accountant,Male,Finance,"? 9,96,044.00",1,Yes,22-03-2024,22-03-2025,3,55,No,NULL,5,PhD,1,3,46,1,0,0,0,0,0,0,1,0,1
E00413,Samar Mani,32,Marketing Coordinator,Female,Marketing,"? 12,97,488.00",1,Yes,27-03-2024,27-03-2025,2,50,No,NULL,13,Master's,2,6,48,1,1,0,0,0,1,1,1,1,1
E00414,Riaan Divan,33,Logistics Coordinator,Female,Operations,"? 9,89,889.00",1,No,10-04-2024,NULL,5,55,No,NULL,21,Diploma,4,12,10,1,1,1,1,1,0,0,1,0,0
E00415,Ira Joshi,34,HR Coordinator,Male,HR,"? 14,29,249.00",1,No,30-04-2024,NULL,2,50,Yes,26-05-2025,50,Bachelor's,5,8,11,0,1,0,1,0,1,1,1,1,0
E00416,Amani Gokhale,38,Logistics Coordinator,Male,Operations,"? 5,07,817.00",1,No,02-05-2024,NULL,3,45,No,NULL,38,Diploma,4,8,39,0,0,1,1,0,0,0,0,0,1
E00417,Navya Sangha,28,Sales Manager,Male,Sales,"? 17,66,448.00",1,No,14-05-2024,NULL,2,45,No,NULL,6,Bachelor's,4,18,34,0,1,1,0,0,1,1,1,0,1
E00418,Sahil Bawa,37,Financial Analyst,Male,Finance,"? 5,38,688.00",1,No,17-05-2024,NULL,2,45,No,NULL,42,PhD,3,11,17,1,1,0,0,0,1,0,1,0,1
E00419,Kanav Mahal,27,SD 3,Female,IT,"? 32,74,410.00",1,No,28-05-2024,NULL,2,40,Yes,30-05-2025,20,Diploma,4,17,31,0,1,1,1,1,1,1,1,0,1
E00420,Seher Loyal,26,Senior Analyst,Male,IT,"? 18,33,626.00",1,No,19-06-2024,NULL,3,45,Yes,NULL,5,Master's,3,0,19,0,1,0,1,0,0,0,0,1,0
E00421,Veer Karnik,35,Financial Analyst,Male,Finance,"? 7,24,017.00",1,No,23-06-2024,NULL,4,40,Yes,NULL,23,Bachelor's,4,18,27,1,1,1,1,0,1,1,1,1,1
E00422,Priyansh Thaman,32,HR Manager,Female,HR,"? 23,06,695.00",1,No,27-06-2024,NULL,4,55,Yes,NULL,13,Diploma,5,4,24,0,0,1,1,0,1,0,1,1,0
E00423,Saksham Kumar,35,Sales Manager,Male,Sales,"? 15,91,415.00",1,No,29-06-2024,NULL,4,55,Yes,NULL,6,Master's,4,11,22,0,0,1,1,1,1,0,0,0,1
,,,,,,,,,,,,,,,,,,,,,,,,,,,,,
,,,,,,,,,,,,,,,,,,,,,,,,,,,,,
,,,,,,,,,,,,,,,,,,,,,,,,,,,,,
,,,,,,,,,,,,,,,,,,,,,,,,,,,,,
,,,,,,,,,,,,,,,,,,,,,,,,,,,,,
,,,,,,,,,,,,,,,,,,,,,,,,,,,,,
,,,,,,,,,,,,,,,,,,,,,,,,,,,,,
,,,,,,,,,,,,,,,,,,,,,,,,,,,,,
,,,,,,,,,,,,,,,,,,,,,,,,,,,,,
,,,,,,,,,,,,,,,,,,,,,,,,,,,,,
,,,,,,,,,,,,,,,,,,,,,,,,,,,,,
,,,,,,,,,,,,,,,,,,,,,,,,,,,,,
,,,,,,,,,,,,,,,,,,,,,,,,,,,,,
,,,,,,,,,,,,,,,,,,,,,,,,,,,,,
,,,,,,,,,,,,,,,,,,,,,,,,,,,,,
,,,,,,,,,,,,,,,,,,,,,,,,,,,,,
,,,,,,,,,,,,,,,,,,,,,,,,,,,,,
,,,,,,,,,,,,,,,,,,,,,,,,,,,,,
,,,,,,,,,,,,,,,,,,,,,,,,,,,,,
,,,,,,,,,,,,,,,,,,,,,,,,,,,,,
,,,,,,,,,,,,,,,,,,,,,,,,,,,,,
,,,,,,,,,,,,,,,,,,,,,,,,,,,,,
,,,,,,,,,,,,,,,,,,,,,,,,,,,,,
,,,,,,,,,,,,,,,,,,,,,,,,,,,,,
,,,,,,,,,,,,,,,,,,,,,,,,,,,,,
,,,,,,,,,,,,,,,,,,,,,,,,,,,,,
,,,,,,,,,,,,,,,,,,,,,,,,,,,,,
,,,,,,,,,,,,,,,,,,,,,,,,,,,,,
,,,,,,,,,,,,,,,,,,,,,,,,,,,,,
,,,,,,,,,,,,,,,,,,,,,,,,,,,,,
,,,,,,,,,,,,,,,,,,,,,,,,,,,,,
,,,,,,,,,,,,,,,,,,,,,,,,,,,,,
,,,,,,,,,,,,,,,,,,,,,,,,,,,,,
,,,,,,,,,,,,,,,,,,,,,,,,,,,,,
,,,,,,,,,,,,,,,,,,,,,,,,,,,,,
,,,,,,,,,,,,,,,,,,,,,,,,,,,,,
,,,,,,,,,,,,,,,,,,,,,,,,,,,,,
,,,,,,,,,,,,,,,,,,,,,,,,,,,,,
,,,,,,,,,,,,,,,,,,,,,,,,,,,,,
,,,,,,,,,,,,,,,,,,,,,,,,,,,,,
,,,,,,,,,,,,,,,,,,,,,,,,,,,,,
,,,,,,,,,,,,,,,,,,,,,,,,,,,,,
,,,,,,,,,,,,,,,,,,,,,,,,,,,,,
,,,,,,,,,,,,,,,,,,,,,,,,,,,,,
,,,,,,,,,,,,,,,,,,,,,,,,,,,,,
,,,,,,,,,,,,,,,,,,,,,,,,,,,,,
,,,,,,,,,,,,,,,,,,,,,,,,,,,,,
,,,,,,,,,,,,,,,,,,,,,,,,,,,,,
,,,,,,,,,,,,,,,,,,,,,,,,,,,,,
,,,,,,,,,,,,,,,,,,,,,,,,,,,,,
,,,,,,,,,,,,,,,,,,,,,,,,,,,,,
,,,,,,,,,,,,,,,,,,,,,,,,,,,,,
,,,,,,,,,,,,,,,,,,,,,,,,,,,,,
,,,,,,,,,,,,,,,,,,,,,,,,,,,,,
,,,,,,,,,,,,,,,,,,,,,,,,,,,,,
,,,,,,,,,,,,,,,,,,,,,,,,,,,,,
,,,,,,,,,,,,,,,,,,,,,,,,,,,,,
,,,,,,,,,,,,,,,,,,,,,,,,,,,,,
,,,,,,,,,,,,,,,,,,,,,,,,,,,,,
,,,,,,,,,,,,,,,,,,,,,,,,,,,,,
,,,,,,,,,,,,,,,,,,,,,,,,,,,,,
,,,,,,,,,,,,,,,,,,,,,,,,,,,,,
,,,,,,,,,,,,,,,,,,,,,,,,,,,,,
,,,,,,,,,,,,,,,,,,,,,,,,,,,,,
,,,,,,,,,,,,,,,,,,,,,,,,,,,,,
,,,,,,,,,,,,,,,,,,,,,,,,,,,,,
,,,,,,,,,,,,,,,,,,,,,,,,,,,,,
,,,,,,,,,,,,,,,,,,,,,,,,,,,,,
,,,,,,,,,,,,,,,,,,,,,,,,,,,,,
,,,,,,,,,,,,,,,,,,,,,,,,,,,,,
,,,,,,,,,,,,,,,,,,,,,,,,,,,,,
